,img_id_A,img_id_B,target,f1,f2,f3,f4,f5,f6,f7,f8,f9,f1,f2,f3,f4,f5,f6,f7,f8,f9
0,0449c,1426a,0,1,0,1,3,2,3,0,0,2,2,0,1,1,2,2,1,2,1
1,1521c,1521b,1,0,1,1,2,2,2,1,0,2,3,1,1,3,0,2,3,3,2
2,1565a,1565b,1,2,4,1,3,2,2,0,1,2,2,1,1,3,0,2,0,2,2
3,0473a,0473c,1,1,2,1,0,0,2,1,1,2,1,1,1,3,2,3,2,4,1
4,1463b,1463c,1,3,1,1,3,2,1,0,1,2,1,2,1,0,2,2,0,1,2
5,1259a,1259b,1,1,4,0,0,2,3,1,3,2,1,0,1,3,2,1,2,2,1
6,1499b,1499c,1,2,1,1,2,2,2,3,4,2,2,0,1,3,0,2,1,3,2
7,0564a,0564b,1,2,1,1,0,2,3,3,2,1,2,2,1,2,0,2,1,1,1
8,0496a,0496e,1,3,4,1,0,2,3,1,2,2,2,1,0,1,2,3,0,2,2
9,1475a,0491a,0,1,1,0,0,2,2,1,2,2,2,1,1,1,2,1,0,2,1
10,0432a,0537b,0,3,0,1,3,2,2,1,2,2,2,1,0,3,0,2,1,4,2
11,0565a,0565b,1,2,1,1,3,2,2,1,1,2,2,1,1,0,2,2,1,3,2
12,1267a,1253a,0,2,1,1,0,2,2,2,2,1,3,0,1,0,2,2,3,2,2
13,0422a,0422c,1,1,1,1,0,2,1,0,0,2,2,0,1,0,2,2,0,3,2
14,1365a,1365b,1,3,4,1,3,2,1,0,3,2,0,4,1,3,2,2,1,0,2
15,1237a,0560b,0,2,1,0,1,2,2,0,1,2,0,1,1,0,2,2,1,0,1
16,0403c,1254b,0,1,0,0,0,2,2,0,3,2,2,1,0,2,2,2,1,3,2
17,1445a,1445b,1,0,1,1,3,2,2,0,3,2,2,1,1,2,2,2,0,0,2
18,0313b,1480c,0,2,1,0,2,2,2,0,0,2,0,0,1,1,2,2,1,2,2
19,1149a,1149b,1,1,1,1,0,2,3,1,1,2,2,4,1,3,2,2,1,0,2
20,1330a,1330b,1,3,2,1,3,2,2,0,0,2,2,2,1,3,2,2,0,4,2
21,0594a,0563a,0,3,2,1,0,2,2,1,4,2,1,1,1,1,0,2,0,2,1
22,0563a,0563c,1,1,1,1,1,0,2,0,2,1,1,4,1,1,0,3,0,2,2
23,1193a,0924a,0,1,4,1,3,2,3,1,1,2,2,2,1,3,1,2,1,2,2
24,1394b,0455c,0,3,1,0,1,2,1,1,3,2,3,1,1,3,3,1,3,1,2
25,1453b,1453c,1,3,1,1,3,2,2,1,2,2,2,1,1,0,2,2,0,2,1
26,1534c,1441b,0,3,1,1,0,2,1,0,3,2,2,0,1,0,0,2,0,2,2
27,1413a,1405c,0,2,1,1,1,2,3,0,1,2,2,3,1,0,2,2,0,1,2
28,0349b,1210a,0,0,1,1,3,2,2,3,1,2,0,1,1,0,0,2,2,2,1
29,1363b,0350a,0,0,1,1,1,0,2,0,2,1,3,2,1,0,1,2,1,3,2
30,1502b,1204a,0,3,4,1,3,2,2,0,4,2,0,0,1,0,2,2,1,0,2
31,0348b,1406b,0,1,1,1,1,0,1,0,2,1,1,0,0,1,0,2,2,2,2
32,0373a,0373b,1,3,0,1,0,0,2,0,2,2,2,1,1,1,2,1,0,0,1
33,0531a,1431c,0,2,2,1,1,2,2,0,3,2,3,1,1,3,2,3,1,4,2
34,0597c,1325c,0,1,4,1,0,2,2,1,1,2,1,4,1,3,2,3,1,2,2
35,0923a,0923c,1,2,1,1,1,1,2,0,2,2,1,1,1,2,2,3,0,4,2
36,1516a,1516b,1,2,0,1,0,2,2,1,1,2,2,1,1,1,2,1,0,1,2
37,0569c,0569b,1,1,1,1,0,2,2,3,3,2,0,0,1,2,2,1,1,1,2
38,0396c,0396b,1,3,1,1,0,2,2,3,2,2,2,1,0,1,2,2,1,3,2
39,0544c,0911c,0,1,4,1,3,2,2,2,0,1,2,4,2,3,2,3,3,2,2
40,0355c,1411c,0,1,1,1,1,2,1,0,1,2,0,1,1,3,2,3,0,2,2
41,0354a,0354c,1,2,1,1,4,2,1,0,4,2,1,0,0,1,0,1,3,2,2
42,0565b,0565c,1,2,1,1,0,2,2,1,3,2,2,1,1,1,2,2,0,1,2
43,1153a,1153b,1,0,1,1,1,2,2,0,0,2,0,4,1,3,2,2,1,2,2
44,0587b,0587c,1,0,1,1,0,2,1,1,0,1,1,4,0,3,2,3,1,3,2
45,0969a,0969b,1,2,2,1,1,2,2,1,2,1,2,0,1,1,2,1,1,2,1
46,1386a,1493a,0,1,1,1,0,2,2,0,3,2,2,1,1,0,1,2,0,3,2
47,1454a,1134a,0,2,4,1,3,2,2,1,1,2,2,0,1,3,2,2,1,0,2
48,1489c,0576b,0,2,4,1,0,2,2,1,1,2,1,1,1,3,0,2,3,0,2
49,1340c,1176a,0,1,0,0,0,2,1,1,2,2,2,0,2,4,2,2,1,3,2
50,1368b,1198b,0,3,1,1,1,2,2,3,4,2,1,0,1,3,2,0,2,2,1
51,1229b,1375b,0,1,1,1,3,2,2,0,2,2,1,4,1,3,2,2,0,3,2
52,1352b,1352c,1,2,1,1,3,2,2,2,1,2,2,2,1,0,2,2,1,2,2
53,1240b,0317a,0,1,1,1,1,0,1,0,3,2,1,1,0,2,0,1,1,2,1
54,1140c,0556a,0,2,4,1,2,2,1,0,1,2,2,1,1,1,0,2,0,4,1
55,1429c,1429a,1,0,0,1,3,2,2,0,0,2,1,2,1,2,2,2,1,0,1
56,1531b,1495a,0,2,1,1,3,2,1,1,3,2,2,1,0,3,2,1,0,3,2
57,1426c,0941c,0,1,0,1,0,2,3,1,2,2,1,0,0,4,2,3,1,3,2
58,1426b,1426c,1,2,1,1,0,2,1,0,4,2,1,0,1,0,2,3,1,2,2
59,1204a,1204b,1,0,0,1,0,2,2,1,0,2,2,1,1,3,1,3,0,4,2
60,0496c,0496d,1,3,4,1,3,2,2,0,1,2,2,1,1,1,2,2,0,1,1
61,1220b,0569a,0,0,1,1,1,2,3,1,2,1,1,1,0,2,2,3,0,3,2
62,1268a,1268b,1,2,1,1,0,0,2,0,4,2,1,1,1,0,2,2,1,3,1
63,1236b,1164a,0,3,4,1,0,2,2,1,0,2,2,1,0,2,2,1,1,1,2
64,0353c,1125b,0,1,2,1,1,2,3,0,1,2,1,1,2,4,3,2,1,2,1
65,1402a,1375a,0,2,1,1,1,2,1,0,3,2,1,0,1,1,2,2,0,3,2
66,0873a,0873b,1,2,2,0,2,2,2,3,0,2,3,0,2,3,0,2,0,3,2
67,1554a,1554c,1,2,1,1,2,2,1,0,1,2,3,0,1,3,2,2,1,1,2
68,0440c,0440a,1,3,4,1,0,2,1,0,4,2,2,0,0,2,2,2,0,4,2
69,0302a,0302b,1,2,0,1,1,0,2,1,1,1,2,2,2,4,3,3,3,4,2
70,0544b,1499c,0,2,1,1,3,2,3,0,0,2,2,0,1,3,0,2,1,3,2
71,1289b,1289c,1,1,4,1,3,2,2,0,2,2,1,1,1,3,2,2,1,4,2
72,1325a,1325b,1,3,1,1,0,1,2,0,1,2,0,1,1,1,2,2,1,2,1
73,1121b,1121c,1,2,1,1,0,2,2,0,3,2,1,1,1,0,2,2,0,1,2
74,1335b,0463a,0,2,2,1,0,2,2,3,2,2,1,1,1,0,0,3,3,4,2
75,0950a,0950b,1,2,1,1,3,0,2,2,2,1,1,0,1,3,0,1,0,3,2
76,1426b,1426a,1,2,1,1,0,2,1,0,4,2,2,0,1,1,2,2,1,2,1
77,0537a,0537c,1,3,1,1,3,2,2,2,1,2,2,2,1,3,2,2,2,0,1
78,1268a,0514c,0,2,1,1,0,0,2,0,4,2,3,1,0,2,2,2,0,1,2
79,0550b,0550c,1,3,0,1,0,2,2,0,4,2,2,0,1,1,2,2,0,4,2
80,0405c,0405b,1,1,0,1,1,2,2,1,2,1,1,0,1,4,0,2,0,1,2
81,1408c,1271b,0,0,1,1,0,0,2,0,2,1,3,4,2,2,0,2,1,3,2
82,0496f,0496d,1,2,4,1,0,2,2,1,2,2,2,1,1,1,2,2,0,1,1
83,0414a,0414c,1,3,2,1,0,2,2,0,2,2,0,1,1,0,2,2,1,3,2
84,0390c,0390a,1,2,0,1,0,1,2,1,3,2,0,0,1,0,1,2,1,2,2
85,1502b,0537c,0,3,4,1,3,2,2,0,4,2,2,2,1,3,2,2,2,0,1
86,1432b,1271b,0,3,1,1,0,1,2,1,4,2,3,4,2,2,0,2,1,3,2
87,1261b,1314a,0,3,4,1,0,2,2,0,2,2,1,1,1,1,2,1,0,4,2
88,1234a,1234b,1,3,4,1,3,2,2,0,3,2,3,0,1,1,2,3,0,4,2
89,1234a,1234c,1,3,4,1,3,2,2,0,3,2,2,1,0,2,2,3,0,2,2
90,0563c,1057b,0,1,4,1,1,0,3,0,2,2,1,0,0,2,0,2,1,0,1
91,1137a,1137b,1,1,1,1,0,2,1,0,1,2,3,1,1,3,2,1,0,0,2
92,0496d,0496a,1,2,1,1,1,2,2,0,1,1,3,4,1,0,2,3,1,2,2
93,1450a,1450c,1,3,1,1,3,2,2,2,1,1,3,0,1,1,2,1,1,3,2
94,1504b,1504a,1,3,1,1,3,1,2,0,4,2,1,0,1,1,2,1,3,0,2
95,1336a,1336b,1,0,1,1,2,2,2,0,0,2,3,1,1,3,2,3,0,4,2
96,0510c,0510b,1,3,1,1,1,2,1,1,0,2,0,1,1,3,0,3,3,3,1
97,0516a,1253c,0,2,0,1,0,0,3,0,3,2,2,0,0,2,2,2,0,0,2
98,0421c,0421a,1,1,0,1,1,2,2,1,1,1,3,2,1,3,2,3,3,3,2
99,0338a,0338c,1,2,4,1,0,2,3,0,1,2,0,1,1,3,2,2,1,2,1
100,1286a,1286c,1,1,2,1,3,2,1,1,3,2,2,1,1,1,2,1,3,3,2
101,1465a,1465c,1,3,4,1,0,2,2,3,2,2,1,2,0,2,2,2,0,2,2
102,1500a,1500b,1,3,4,1,4,2,3,1,3,2,0,2,1,0,0,2,2,2,1
103,1447b,1447c,1,1,4,1,0,2,2,2,1,1,1,1,0,1,2,2,2,2,2
104,0333b,0333c,1,2,1,1,0,2,3,1,1,2,3,2,1,1,2,1,1,1,2
105,1408c,0347a,0,0,1,1,0,0,2,0,2,1,2,4,1,3,0,3,1,4,1
106,1201a,1201b,1,0,1,1,0,2,2,2,3,2,2,0,1,0,2,3,0,4,2
107,1446a,0503a,0,1,1,1,3,2,2,1,2,2,2,1,1,0,2,3,0,2,2
108,1219a,1219b,1,3,1,1,1,2,1,0,0,2,2,0,1,0,2,1,0,3,2
109,0577b,0593c,0,2,1,0,3,2,2,1,2,2,1,1,1,1,2,3,0,0,1
110,1253a,0540c,0,3,0,1,0,2,2,3,2,2,2,1,0,4,0,2,0,3,2
111,0373a,1108b,0,3,0,1,0,0,2,0,2,2,2,2,0,2,2,1,0,0,2
112,1120a,1445b,0,2,1,1,3,2,2,0,2,2,2,1,1,2,2,2,0,0,2
113,1181a,1181b,1,1,0,1,0,2,1,0,2,2,2,1,0,2,2,1,1,0,2
114,0319b,0551a,0,1,1,1,1,2,3,0,2,1,2,1,1,1,2,0,1,3,2
115,0319a,0440a,0,2,4,1,0,2,3,1,2,2,2,0,0,2,2,2,0,4,2
116,1441b,1441c,1,2,0,1,0,0,2,0,2,2,1,1,1,1,2,2,1,1,1
117,1257b,1257c,1,3,4,1,0,2,2,0,3,2,0,1,1,3,2,2,0,4,2
118,1442b,0334b,0,2,2,1,3,2,2,1,4,2,2,0,1,0,2,2,3,1,2
119,1252c,0521c,0,1,2,1,0,2,2,1,1,1,3,1,2,1,0,2,1,3,2
120,1378b,1378a,1,3,1,1,3,2,2,1,3,2,3,4,1,3,2,3,0,0,2
121,1155b,1155c,1,1,1,1,3,0,1,1,2,1,1,0,1,0,2,0,0,3,2
122,1490c,1490b,1,0,1,1,3,2,2,0,2,2,1,0,1,3,2,1,0,2,2
123,1491a,1123c,0,3,1,1,0,2,2,1,3,2,3,4,1,3,2,2,1,4,2
124,1453a,1453b,1,1,1,1,3,2,2,0,4,2,3,1,1,3,2,2,1,2,2
125,0363b,0363a,1,1,1,1,1,2,1,0,1,1,0,0,1,1,2,2,1,1,2
126,1421a,0376c,0,1,0,1,0,2,2,3,3,2,2,1,0,0,3,2,2,3,2
127,1551a,1551b,1,0,1,1,0,2,2,3,3,2,1,1,1,0,2,1,1,1,1
128,1204b,1383c,0,2,1,1,3,1,3,0,4,2,1,1,1,1,0,2,2,2,1
129,0431b,0431a,1,3,0,2,1,2,3,0,2,2,3,2,1,3,1,2,3,2,2
130,0355b,1191b,0,1,4,1,0,0,2,1,1,1,3,4,0,1,2,1,0,3,2
131,1174a,0440a,0,1,1,1,1,2,3,0,4,2,2,0,0,2,2,2,0,4,2
132,1531c,1421a,0,3,1,1,0,2,3,1,2,2,1,0,1,0,2,2,3,3,2
133,1432a,1365b,0,2,4,1,0,2,1,0,1,2,0,4,1,3,2,2,1,0,2
134,0515a,1533c,0,1,1,1,3,2,2,2,2,1,1,2,1,3,2,1,0,1,1
135,1463a,1463c,1,2,1,1,0,2,2,1,1,1,1,2,1,0,2,2,0,1,2
136,1429b,1429c,1,2,1,1,0,0,2,0,1,1,0,0,1,3,2,2,0,0,2
137,0353c,1323c,0,1,2,1,1,2,3,0,1,2,1,0,1,1,2,2,3,0,1
138,0359a,1129a,0,2,1,1,0,2,2,0,2,2,3,1,1,0,2,2,3,1,2
139,0517b,0517a,1,3,0,1,3,0,1,0,3,2,3,0,1,0,2,0,1,1,2
140,1302a,1302b,1,2,1,1,3,2,2,0,0,2,3,1,1,0,2,2,0,2,2
141,1492a,1492c,1,1,1,1,3,2,1,0,0,2,1,1,1,3,2,3,0,2,2
142,1443c,1443b,1,0,1,1,1,2,1,1,2,1,2,1,1,2,0,2,2,0,1
143,0451b,0451c,1,2,1,1,3,0,2,1,2,1,1,0,1,1,2,2,0,2,1
144,1350a,0385a,0,3,1,1,0,2,3,1,2,1,0,0,1,2,2,3,3,0,2
145,1426b,1146b,0,2,1,1,0,2,1,0,4,2,2,0,1,3,2,1,1,1,2
146,0503a,0896c,0,2,1,1,0,2,3,0,2,2,1,1,1,0,2,3,1,4,2
147,1476a,1476c,1,1,1,1,0,2,1,0,1,1,1,2,1,3,0,2,1,1,1
148,0562c,1140c,0,3,0,1,3,2,1,0,2,2,2,4,1,2,2,1,0,1,2
149,1406a,1406c,1,1,2,2,4,2,2,0,2,2,1,0,1,4,0,2,3,2,2
150,1547a,1547b,1,2,4,1,1,2,1,0,2,2,2,0,1,1,2,1,0,2,2
151,1451c,0365b,0,0,0,1,0,2,2,0,0,2,2,1,1,3,0,2,0,2,1
152,1197a,1197b,1,1,4,1,3,0,2,1,0,2,0,0,1,4,2,3,0,4,2
153,0592b,0592c,1,1,2,1,1,2,2,0,2,2,1,2,1,1,2,3,0,3,2
154,1149c,0969a,0,1,1,1,3,2,1,3,3,2,2,2,1,1,2,2,1,2,1
155,0567b,0507b,0,1,2,1,0,2,2,1,2,1,0,1,1,3,2,1,1,4,2
156,1173c,1191c,0,1,2,1,3,0,2,0,2,2,3,4,1,3,2,3,3,4,2
157,0365b,0516a,0,2,1,1,3,0,2,0,2,1,2,0,1,0,0,3,0,3,2
158,1320a,1131b,0,1,1,1,3,2,1,0,3,2,2,0,1,1,2,2,0,3,2
159,1255a,1441a,0,1,1,1,0,2,2,1,0,1,1,1,1,1,2,2,2,1,2
160,0531a,0531c,1,2,2,1,1,2,2,0,3,2,1,4,1,1,2,2,0,3,2
161,0302a,1174b,0,2,0,1,1,0,2,1,1,1,2,0,1,3,3,2,1,4,2
162,0451a,0451c,1,2,1,1,0,2,1,0,0,2,1,0,1,1,2,2,0,2,1
163,1492a,0496a,0,1,1,1,3,2,1,0,0,2,3,4,1,0,2,3,1,2,2
164,0597c,0597b,1,1,4,1,0,2,2,1,1,2,2,4,1,3,2,3,0,3,2
165,1402a,1097a,0,2,1,1,1,2,1,0,3,2,3,2,1,0,2,2,0,4,2
166,1483c,0357c,0,1,1,1,1,0,1,0,1,1,0,2,1,1,0,2,0,1,1
167,0457a,0547a,0,2,3,1,3,2,2,0,1,2,2,2,0,1,2,2,0,1,2
168,0348b,0348c,1,1,1,1,1,0,1,0,2,1,3,1,0,2,2,2,3,3,2
169,1413a,1413b,1,2,1,1,1,2,3,0,1,2,0,1,1,0,2,1,0,2,2
170,0421a,0583c,0,3,2,1,3,2,3,3,3,2,3,1,0,2,2,2,2,3,2
171,1325b,1325c,1,0,1,1,1,2,2,1,2,1,1,4,1,3,2,3,1,2,2
172,1330a,1330c,1,3,2,1,3,2,2,0,0,2,1,1,1,2,2,2,1,3,2
173,0459b,0343c,0,2,0,1,0,2,3,1,3,2,1,0,0,2,2,3,1,3,2
174,1352c,1352a,1,2,2,1,0,2,2,1,2,2,2,2,1,1,2,2,1,4,2
175,1309a,1309b,1,0,1,1,0,2,2,0,2,2,2,2,1,3,2,2,0,0,2
176,0431c,0431a,1,2,0,1,0,2,2,2,3,2,3,2,1,3,1,2,3,2,2
177,1221a,1221c,1,3,4,1,0,2,2,2,1,2,2,1,1,0,2,0,0,3,2
178,1547b,1547c,1,2,0,1,1,2,1,0,2,2,2,0,1,3,2,3,0,0,2
179,1194a,1194c,1,3,1,1,1,2,1,1,2,1,2,1,2,1,2,2,0,3,2
180,0431c,0431b,1,2,0,1,0,2,2,2,3,2,3,0,2,1,2,3,0,2,2
181,1255a,0335c,0,1,1,1,0,2,2,1,0,1,3,1,1,0,2,1,1,3,2
182,1382a,0969c,0,2,0,1,0,2,2,1,3,2,3,4,1,3,2,2,2,3,2
183,0585b,0585c,1,3,1,2,3,2,3,1,4,2,0,1,0,2,2,1,1,0,2
184,0301a,0301c,1,1,0,1,0,2,2,1,4,2,3,1,1,4,0,2,0,1,2
185,1153b,1153c,1,0,4,1,3,2,2,1,2,2,2,1,1,0,1,2,0,1,2
186,1328b,1328c,1,1,2,1,0,2,2,3,2,2,1,1,1,3,2,2,2,1,1
187,0597b,0597a,1,2,4,1,3,2,3,0,3,2,3,4,2,0,2,3,3,1,1
188,0319a,0324a,0,2,4,1,0,2,3,1,2,2,0,2,1,0,1,2,1,3,2
189,0969a,1140b,0,2,2,1,1,2,2,1,2,1,0,0,1,3,0,1,1,2,1
190,1152a,1152c,1,3,4,0,2,2,1,0,2,2,0,0,1,1,2,1,1,1,1
191,1120b,1120c,1,1,1,1,0,2,2,0,2,2,2,1,1,0,2,2,0,0,2
192,1374b,0507c,0,1,1,1,0,2,2,2,2,1,3,4,1,1,2,1,0,1,2
193,1201b,0546c,0,2,0,1,0,2,3,0,4,2,2,0,1,3,2,1,3,1,2
194,1498a,1498b,1,0,1,1,1,2,2,1,2,2,2,1,1,1,0,2,0,1,2
195,0456a,0892c,0,2,1,0,2,2,2,0,3,2,3,2,0,2,2,2,1,0,2
196,1253b,1253c,1,0,1,1,1,2,1,1,1,1,2,0,0,2,2,2,0,0,2
197,1343a,1343c,1,2,0,1,0,2,1,0,0,2,0,0,1,1,2,1,0,1,1
198,1411a,1411c,1,2,0,1,1,2,2,1,1,2,0,1,1,3,2,3,0,2,2
199,0373c,1533a,0,3,0,1,3,2,3,1,4,2,3,3,0,3,2,2,0,3,2
200,0561a,1330c,0,2,1,1,3,2,1,0,1,2,1,1,1,2,2,2,1,3,2
201,1208a,1208c,1,0,4,1,0,0,2,0,2,2,0,1,1,0,2,1,3,2,2
202,1370b,1370c,1,1,0,1,0,2,2,0,3,2,3,1,1,1,2,2,1,1,2
203,1180c,1323a,0,2,4,1,0,2,3,0,3,2,2,0,1,1,2,3,2,3,2
204,1426b,1413c,0,2,1,1,0,2,1,0,4,2,1,4,1,3,2,2,1,2,2
205,1546b,1546a,1,3,1,1,0,0,3,0,3,2,1,1,0,3,2,1,1,2,1
206,0594a,0594c,1,3,2,1,0,2,2,1,4,2,0,4,2,4,2,2,0,3,2
207,1433a,1433b,1,2,2,1,0,2,2,1,0,2,3,1,1,3,0,2,0,1,2
208,1511b,1511c,1,0,1,0,2,2,2,0,2,2,1,1,0,1,0,3,1,0,1
209,1237c,0314a,0,2,1,0,2,2,2,0,1,2,1,1,1,0,2,1,2,1,1
210,1086b,0324b,0,0,1,1,1,2,2,1,0,1,0,1,1,3,0,2,1,1,1
211,1330b,1330c,1,2,2,1,3,2,2,0,4,2,1,1,1,2,2,2,1,3,2
212,0351a,0351b,1,1,2,0,0,2,2,0,3,2,1,1,1,1,3,2,1,3,2
213,0445a,0445b,1,2,2,1,0,0,2,0,3,2,1,1,1,3,2,1,1,1,1
214,1405b,1405c,1,1,1,1,0,0,2,1,1,1,2,3,1,0,2,2,0,1,2
215,0367b,0367c,1,1,1,1,0,2,2,1,2,2,3,1,1,3,2,2,0,1,2
216,1465a,1465b,1,3,4,1,0,2,2,3,2,2,0,1,1,1,2,1,1,2,2
217,1549c,1409c,0,0,2,1,3,2,2,1,4,2,0,2,1,0,0,2,1,2,1
218,0555c,0555a,1,3,0,1,1,2,2,0,4,2,1,4,0,2,0,2,3,4,1
219,1282b,1282c,1,2,2,1,3,2,2,0,2,2,1,1,2,3,2,2,1,2,2
220,1545b,1545c,1,2,1,1,0,0,2,0,1,2,2,1,1,3,2,3,0,1,2
221,1364b,1364a,1,3,1,1,3,2,2,1,1,2,2,1,1,2,0,2,0,3,2
222,1208a,1208b,1,0,4,1,0,0,2,0,2,2,1,0,1,0,2,1,0,1,1
223,1517a,0597c,0,2,1,1,1,2,2,0,2,2,1,4,1,0,2,2,1,1,2
224,1416a,1416c,1,1,1,1,3,2,1,0,4,2,1,4,1,3,2,3,1,4,2
225,0301c,1414c,0,3,1,1,4,0,2,0,1,2,1,0,1,1,3,1,1,2,1
226,0327c,0327a,1,1,1,1,1,2,1,1,2,1,3,1,1,1,2,0,0,4,2
227,1546a,0460c,0,1,1,0,3,2,1,1,2,1,2,4,2,1,2,2,2,1,2
228,0411b,0411a,1,1,2,1,1,2,2,0,1,2,3,1,1,0,2,1,1,4,2
229,0376c,1098a,0,2,1,0,0,3,2,2,3,2,0,1,0,1,0,1,1,1,1
230,1236c,1517c,0,1,1,1,1,2,3,0,1,2,3,0,1,0,2,2,1,4,2
231,1320a,0538b,0,1,1,1,3,2,1,0,3,2,1,1,1,3,2,1,2,1,2
232,0422a,0422b,1,1,1,1,0,2,1,0,0,2,2,4,1,0,2,2,0,3,2
233,1475b,1417b,0,3,1,0,3,2,2,0,3,2,3,4,1,0,2,3,0,3,2
234,1360a,1312a,0,3,1,0,2,2,2,0,2,2,1,2,0,2,0,2,1,2,1
235,1305b,1305c,1,2,1,1,0,2,2,1,2,2,1,1,1,3,2,2,0,1,2
236,0477a,0413a,0,2,1,1,1,2,1,0,0,2,1,1,1,1,2,3,0,1,1
237,1180a,1231b,0,2,1,1,2,2,2,1,1,2,0,0,1,0,2,2,0,1,2
238,1165b,0327a,0,0,1,1,2,2,2,1,2,2,3,1,1,1,2,0,0,4,2
239,1286b,1286c,1,3,4,1,0,2,3,0,4,2,2,1,1,1,2,1,3,3,2
240,1114a,1511c,0,2,1,1,3,0,2,2,0,1,1,1,0,1,0,3,1,0,1
241,1360b,1360a,1,2,0,1,0,2,2,0,2,2,3,1,0,2,2,2,0,2,2
242,0560c,0560b,1,1,1,1,0,2,1,1,0,2,0,1,1,0,2,2,1,0,1
243,0557c,0483a,0,1,1,1,0,2,1,0,2,1,2,2,1,3,2,2,0,1,1
244,0579a,0579c,1,1,0,1,3,2,2,0,1,2,2,1,1,0,2,2,1,0,1
245,1378b,1378c,1,3,1,1,3,2,2,1,3,2,1,1,1,3,2,1,0,2,2
246,0319c,0319b,1,2,0,0,0,2,2,0,2,2,1,1,1,1,2,3,0,2,1
247,1319a,1319b,1,2,0,1,0,2,2,3,4,2,2,4,2,3,2,2,2,1,2
248,1165b,1165c,1,0,1,1,2,2,2,1,2,2,3,0,2,4,0,2,3,2,2
249,1268b,1268c,1,1,1,1,0,2,2,1,3,1,2,1,1,3,2,3,0,4,2
250,0531a,0897c,0,2,2,1,1,2,2,0,3,2,2,4,1,3,2,3,1,3,2
251,1493a,1493b,1,2,1,1,0,1,2,0,3,2,2,4,1,0,2,2,3,3,2
252,1134b,1134c,1,3,4,1,1,2,2,0,2,2,2,1,1,0,2,2,3,4,2
253,1253a,1253c,1,3,0,1,0,2,2,3,2,2,2,0,0,2,2,2,0,0,2
254,1417c,0496a,0,1,1,1,3,2,2,1,2,1,3,4,1,0,2,3,1,2,2
255,1409b,1409c,1,1,1,1,3,2,3,3,1,2,0,2,1,0,0,2,1,2,1
256,1323b,1323c,1,1,1,0,2,2,1,1,3,2,1,0,1,1,2,2,3,0,1
257,0473a,0387a,0,1,2,1,0,0,2,1,1,2,0,1,0,2,0,1,2,2,2
258,0547a,0547c,1,2,2,0,1,2,2,0,1,2,1,2,1,3,2,1,2,1,1
259,1196b,1196c,1,0,2,1,0,2,2,1,2,1,1,1,1,1,2,3,3,3,2
260,1543a,1543b,1,3,1,1,0,2,2,0,4,2,2,1,1,2,2,2,1,0,2
261,1446a,1446b,1,1,1,1,3,2,2,1,2,2,1,1,1,1,2,2,0,2,2
262,0387b,0387a,1,2,2,0,1,0,1,0,2,1,0,1,0,2,0,1,2,2,2
263,0555b,0555a,1,1,1,1,0,1,2,0,2,2,1,4,0,2,0,2,3,4,1
264,0546c,0546b,1,2,0,1,3,2,1,3,1,2,3,1,1,3,1,3,0,1,2
265,1099a,1099c,1,2,1,1,3,0,2,2,3,2,2,4,0,2,2,2,0,3,2
266,1146a,1146b,1,0,4,1,0,2,2,1,0,2,2,0,1,3,2,1,1,1,2
267,1155a,1155c,1,1,1,0,2,2,1,1,0,2,1,0,1,0,2,0,0,3,2
268,0514c,1086b,0,3,1,0,2,2,2,0,1,2,0,1,1,1,2,2,1,0,1
269,1517b,1517c,1,1,1,1,3,2,2,0,3,2,3,0,1,0,2,2,1,4,2
270,1323b,0460b,0,1,1,0,2,2,1,1,3,2,1,4,0,0,2,3,3,3,2
271,0367a,1494a,0,2,1,1,0,2,2,0,4,2,1,0,1,1,2,2,0,1,2
272,0927a,0927c,1,1,0,1,0,0,2,0,2,1,2,1,0,2,2,1,0,1,2
273,1245c,1197a,0,1,0,1,3,2,2,1,4,2,1,4,1,3,0,2,1,0,2
274,0550c,1036b,0,2,0,1,1,2,2,0,4,2,2,2,0,2,2,2,0,0,2
275,1284a,1551c,0,2,1,1,0,2,2,1,4,2,2,4,1,3,2,2,3,2,2
276,1489c,1224c,0,2,4,1,0,2,2,1,1,2,1,0,1,1,2,1,1,2,2
277,0334a,0302c,0,2,0,1,0,2,3,0,0,2,3,1,0,2,2,3,0,3,2
278,1176b,1176a,1,1,4,1,1,2,2,0,2,2,2,0,2,4,2,2,1,3,2
279,1543b,0318b,0,2,1,1,2,2,2,1,0,2,1,2,1,0,0,2,0,0,2
280,0491a,1325c,0,2,1,1,1,2,1,0,2,1,1,4,1,3,2,3,1,2,2
281,1408a,1408b,1,3,1,0,3,2,1,0,3,2,1,1,0,1,0,3,0,2,1
282,1445a,1445c,1,0,1,1,3,2,2,0,3,2,2,1,1,0,2,3,0,0,2
283,1260b,1260c,1,2,1,1,1,2,1,1,0,2,3,2,1,0,2,2,1,1,2
284,1531b,1531a,1,2,1,1,3,2,1,1,3,2,2,0,1,0,2,3,0,3,2
285,0571a,0571c,1,2,4,1,3,2,3,0,1,2,1,0,1,1,0,1,0,1,1
286,0379c,0507c,0,2,1,1,2,2,2,0,3,2,3,4,1,1,2,1,0,1,2
287,1240a,1240c,1,1,0,1,3,2,2,3,1,2,2,1,0,0,2,3,1,1,2
288,1121a,1121b,1,2,1,1,3,2,2,0,1,2,2,1,1,0,2,2,0,3,2
289,1500a,1176a,0,3,4,1,4,2,3,1,3,2,2,0,2,4,2,2,1,3,2
290,1319a,1319c,1,2,0,1,0,2,2,3,4,2,1,0,1,0,2,0,1,4,2
291,0334a,0334c,1,2,0,1,0,2,3,0,0,2,1,4,1,3,0,2,0,0,2
292,0600a,1498b,0,2,1,1,0,2,1,0,3,2,2,1,1,1,0,2,0,1,2
293,0859a,0387b,0,2,0,1,3,2,0,0,3,2,2,2,0,1,0,1,0,2,1
294,0363a,0556b,0,0,0,1,1,2,2,1,1,2,0,2,0,1,0,2,1,1,1
295,0317a,0317c,1,1,1,0,2,0,1,1,2,1,0,0,0,2,2,3,1,3,2
296,0969c,0969b,1,3,4,1,3,2,2,2,3,2,2,0,1,1,2,1,1,2,1
297,1271a,1271c,1,1,1,1,2,0,1,1,4,1,0,1,2,4,2,2,2,2,2
298,0422b,0422c,1,2,4,1,0,2,2,0,3,2,2,0,1,0,2,2,0,3,2
299,1433b,1433c,1,3,1,1,3,0,2,0,1,2,1,4,1,0,2,2,1,0,2
300,1121a,1484b,0,2,1,1,3,2,2,0,1,2,1,1,1,0,2,1,1,2,1
301,1267c,1267b,1,1,0,1,0,2,2,0,1,1,2,2,1,2,2,2,0,1,2
302,1451a,1325c,0,1,4,1,3,2,2,0,4,2,1,4,1,3,2,3,1,2,2
303,1146a,1090a,0,0,4,1,0,2,2,1,0,2,2,0,1,1,2,1,0,1,1
304,0950a,0380b,0,2,1,1,3,0,2,2,2,1,1,3,2,3,3,2,0,2,2
305,1468a,1405b,0,1,1,1,2,2,2,0,0,2,1,1,1,0,0,2,1,1,1
306,0562c,1374c,0,3,0,1,3,2,1,0,2,2,3,0,1,0,2,1,0,3,2
307,1248a,1248c,1,2,1,1,3,2,2,1,4,2,1,1,1,1,2,2,1,2,2
308,1219a,1219c,1,3,1,1,1,2,1,0,0,2,2,4,0,1,2,3,0,1,2
309,1210a,1408b,0,0,1,1,0,0,2,2,2,1,1,1,0,1,0,3,0,2,1
310,1123c,0359b,0,3,4,1,3,2,2,1,4,2,3,2,1,0,2,2,3,0,2
311,0381a,0381c,1,1,0,1,3,2,2,0,3,2,1,4,1,3,2,3,0,2,2
312,1129a,1129b,1,3,1,1,0,2,2,3,1,2,3,1,1,0,2,2,1,4,1
313,0333c,0556c,0,3,2,1,1,2,1,1,1,2,0,1,0,1,0,3,1,0,1
314,0359a,0359b,1,2,1,1,0,2,2,0,2,2,3,2,1,0,2,2,3,0,2
315,1224c,1224b,1,1,0,1,1,2,1,1,2,2,2,4,2,4,3,3,3,4,2
316,0324b,0324a,1,0,1,1,3,0,2,1,1,1,0,2,1,0,1,2,1,3,2
317,0349a,0349b,1,3,1,1,1,2,1,0,1,2,0,1,1,3,2,2,3,1,2
318,0463a,1443b,0,1,1,1,0,0,3,3,4,2,2,1,1,2,0,2,2,0,1
319,0898b,0323c,0,2,0,1,0,0,3,0,2,2,1,0,1,1,0,1,0,0,1
320,0538b,0538c,1,1,1,1,3,2,1,2,1,2,2,2,1,0,2,2,2,1,2
321,1181b,0547c,0,2,1,0,2,2,1,1,0,2,1,2,1,3,2,1,2,1,1
322,0366a,1193a,0,2,4,1,3,2,2,0,3,2,1,4,1,3,2,3,1,1,2
323,1274a,0539a,0,1,1,1,1,2,2,0,3,2,2,4,1,3,2,2,1,2,2
324,1461b,1461a,1,2,2,1,0,2,1,0,0,2,1,0,1,1,2,0,0,1,2
325,1365c,1365a,1,2,2,1,1,2,2,1,2,2,3,4,1,3,2,1,0,3,2
326,1197c,1234c,0,1,2,1,0,0,2,0,4,2,2,1,0,2,2,3,0,2,2
327,1533b,0924c,0,1,0,1,0,2,3,0,4,2,0,1,1,0,2,1,2,1,1
328,1294a,1294b,1,1,0,1,0,2,1,0,0,1,1,1,1,0,2,0,0,3,2
329,0359a,0544b,0,2,1,1,0,2,2,0,2,2,2,1,1,3,2,3,0,0,2
330,0496f,0496c,1,2,4,1,0,2,2,1,2,2,3,4,1,3,2,2,0,1,2
331,1444a,0969c,0,0,1,1,0,2,3,0,3,2,3,4,1,3,2,2,2,3,2
332,0507a,0507c,1,1,1,1,3,0,2,1,2,1,3,4,1,1,2,1,0,1,2
333,1512b,0923c,0,2,0,1,0,2,2,0,0,2,1,1,1,2,2,3,0,4,2
334,1487a,1262a,0,2,1,1,3,2,3,0,2,2,2,4,1,3,2,3,0,4,2
335,1491a,1282b,0,3,1,1,0,2,2,1,3,2,2,2,1,3,2,2,0,2,2
336,1450b,1485c,0,2,2,1,3,2,3,0,3,2,3,4,1,3,2,3,1,3,2
337,1284a,1284b,1,2,1,1,0,2,2,1,4,2,1,1,1,3,0,2,0,1,2
338,0307a,0536b,0,2,0,1,3,2,2,0,4,2,1,0,1,2,2,2,0,3,2
339,1443c,1319c,0,0,1,1,1,2,1,1,2,1,1,0,1,0,2,0,1,4,2
340,0475a,0440a,0,0,1,1,2,2,2,1,4,2,2,0,0,2,2,2,0,4,2
341,0313b,1406a,0,2,1,0,2,2,2,0,0,2,1,2,2,4,2,2,0,2,2
342,1174a,1443c,0,1,1,1,1,2,3,0,4,2,0,1,1,1,2,1,1,2,1
343,0348a,0327b,0,3,0,1,0,2,1,0,4,2,0,1,1,1,1,2,0,3,2
344,0457a,0457c,1,2,3,1,3,2,2,0,1,2,0,2,1,0,0,2,0,3,2
345,1309a,1344a,0,0,1,1,0,2,2,0,2,2,1,1,1,0,2,3,0,3,2
346,0460b,0460c,1,1,4,0,0,2,3,3,3,2,2,4,2,1,2,2,2,1,2
347,0491b,0335b,0,2,1,1,0,2,1,1,0,2,3,4,1,0,2,2,1,1,2
348,1336b,1336c,1,3,1,1,3,2,3,0,4,2,0,1,1,0,2,3,0,0,2
349,0514c,1143c,0,3,1,0,2,2,2,0,1,2,1,1,1,0,1,2,3,1,2
350,1364c,1364a,1,2,2,1,0,2,2,1,3,2,2,1,1,2,0,2,0,3,2
351,0540a,0540c,1,3,3,1,1,2,3,0,3,2,2,1,0,4,0,2,0,3,2
352,1417c,1417a,1,1,1,1,3,2,2,1,2,1,1,1,0,0,2,3,1,3,2
353,0492a,0492b,1,3,4,1,1,2,2,0,4,2,2,0,1,0,2,1,1,3,2
354,1119a,1119b,1,1,1,1,0,0,2,0,1,2,1,1,1,3,2,3,0,1,2
355,1320a,1320b,1,1,1,1,3,2,1,0,3,2,3,1,1,0,2,1,0,0,2
356,1502b,1267b,0,3,4,1,3,2,2,0,4,2,2,2,1,2,2,2,0,1,2
357,1328a,1328c,1,3,1,1,2,2,3,0,0,2,1,1,1,3,2,2,2,1,1
358,0489c,1499b,0,1,1,1,1,2,2,1,2,1,2,1,1,2,2,2,3,4,2
359,0491a,1363b,0,2,1,1,1,2,1,0,2,1,0,1,1,1,0,2,0,2,1
360,1518c,1257b,0,2,1,1,0,2,1,0,1,2,3,4,1,0,2,2,0,3,2
361,1300a,0411a,0,1,1,1,1,2,2,0,1,2,3,1,1,0,2,1,1,4,2
362,1329a,1329b,1,1,1,1,3,2,1,1,3,2,1,1,1,3,2,2,3,0,2
363,1432c,1432a,1,2,2,1,0,2,2,0,2,2,2,4,1,0,2,1,0,1,2
364,0547a,1414c,0,2,2,0,1,2,2,0,1,2,1,0,1,1,3,1,1,2,1
365,1377a,1377b,1,2,2,1,3,0,3,0,2,2,0,1,1,0,1,2,1,0,2
366,0351c,0485b,0,1,0,1,0,2,2,1,2,2,2,1,1,0,1,1,0,2,2
367,1546c,1546a,1,3,0,1,0,2,1,1,3,2,1,1,0,3,2,1,1,2,1
368,0321b,0333a,0,3,2,1,3,2,2,1,4,2,2,1,1,3,2,1,2,0,1
369,0522b,0556a,0,2,1,0,2,2,2,0,4,2,2,1,1,1,0,2,0,4,1
370,1365c,0555c,0,2,2,1,1,2,2,1,2,2,3,0,1,1,2,2,0,4,2
371,1167a,1171a,0,0,2,1,0,2,2,0,4,2,1,2,1,3,2,3,0,0,2
372,1432a,1343b,0,2,4,1,0,2,1,0,1,2,2,1,1,0,2,3,1,4,2
373,1309a,1309c,1,0,1,1,0,2,2,0,2,2,1,1,0,1,0,1,0,2,1
374,0338b,0313b,0,2,1,1,3,2,1,0,3,2,2,1,0,2,2,2,0,0,2
375,1430b,1140b,0,1,1,1,1,1,2,0,3,2,0,0,1,3,0,1,1,2,1
376,0333a,0506b,0,2,1,1,3,2,1,2,0,1,2,2,1,2,2,2,1,0,1
377,1273a,1273c,1,1,2,1,0,0,2,1,0,2,1,1,1,3,1,1,3,1,2
378,0311a,0311c,1,1,2,1,1,2,1,3,3,2,0,0,1,0,0,2,2,1,1
379,1430b,0457c,0,1,1,1,1,1,2,0,3,2,0,2,1,0,0,2,0,3,2
380,1140c,1140b,1,2,4,1,2,2,1,0,1,2,0,0,1,3,0,1,1,2,1
381,0411b,0569a,0,1,2,1,1,2,2,0,1,2,1,1,0,2,2,3,0,3,2
382,1567b,0540c,0,3,1,0,2,2,2,0,0,2,2,1,0,4,0,2,0,3,2
383,1442b,1442c,1,2,2,1,3,2,2,1,4,2,1,1,1,0,0,2,0,2,1
384,1534c,0587a,0,3,1,1,0,2,1,0,3,2,1,1,1,2,2,2,2,0,2
385,0539a,1476a,0,2,4,1,3,2,2,1,2,2,1,1,1,0,2,1,0,1,1
386,1180b,1431a,0,1,1,1,0,2,2,1,1,1,3,1,1,3,2,1,3,0,2
387,0318c,0413b,0,3,2,1,3,2,2,0,4,2,1,1,1,3,0,1,2,2,1
388,1448a,1448b,1,2,1,1,0,2,1,0,0,1,1,2,1,3,2,2,1,1,2
389,1502b,1484b,0,3,4,1,3,2,2,0,4,2,1,1,1,0,2,1,1,2,1
390,1201a,0471c,0,0,1,1,0,2,2,2,3,2,0,0,1,3,2,1,1,2,1
391,1552b,1552c,1,2,1,1,3,2,1,1,1,1,3,1,1,1,2,1,1,3,2
392,1441a,1496c,0,1,1,1,1,2,2,2,1,2,2,1,1,1,0,2,2,2,1
393,0307b,1134b,0,3,0,1,0,2,2,1,2,2,3,4,1,1,2,2,0,2,2
394,1485a,0551a,0,3,4,1,0,2,2,2,2,2,2,1,1,1,2,0,1,3,2
395,0314b,0483b,0,0,0,1,0,2,2,0,2,2,1,1,1,0,0,3,1,2,1
396,0380a,0405c,0,1,4,1,3,2,2,3,1,2,1,0,1,1,2,2,1,2,1
397,1149c,1480c,0,1,1,1,3,2,1,3,3,2,0,0,1,1,2,2,1,2,2
398,1430a,1173c,0,2,1,1,0,2,3,3,3,2,1,2,1,3,0,2,0,2,2
399,1567c,0302a,0,2,4,1,4,2,2,0,2,2,2,0,1,1,0,2,1,1,1
400,1448b,1448c,1,1,2,1,3,2,2,1,1,2,3,4,1,3,2,2,1,1,2
401,1227b,0483a,0,3,1,1,3,2,1,0,4,2,2,2,1,3,2,2,0,1,1
402,0537c,1501b,0,2,2,1,3,2,2,2,0,1,3,1,1,2,2,1,1,0,1
403,0335a,1153b,0,1,1,1,2,2,2,1,0,2,0,4,1,3,2,2,1,2,2
404,1234a,1282c,0,3,4,1,3,2,2,0,3,2,1,1,2,3,2,2,1,2,2
405,0390a,0387a,0,0,0,1,0,1,2,1,2,2,0,1,0,2,0,1,2,2,2
406,1134a,1294c,0,2,0,1,3,2,2,1,0,2,3,0,1,3,2,3,1,0,2
407,1450b,1450c,1,2,2,1,3,2,3,0,3,2,3,0,1,1,2,1,1,3,2
408,0488b,0302b,0,2,0,0,0,2,1,0,0,2,2,2,2,4,3,3,3,4,2
409,1475b,0381c,0,3,1,0,3,2,2,0,3,2,1,4,1,3,2,3,0,2,2
410,0317b,0317c,1,0,4,0,0,0,2,2,3,2,0,0,0,2,2,3,1,3,2
411,0372a,0535b,0,1,1,1,3,2,1,0,1,1,0,0,1,2,2,2,1,4,2
412,1267c,0357b,0,1,0,1,0,2,2,0,1,1,2,1,0,0,0,2,2,3,2
413,1360b,1360c,1,2,0,1,0,2,2,0,2,2,0,1,1,2,1,2,1,1,1
414,1485c,0348b,0,3,4,1,3,2,3,1,3,2,1,1,1,1,0,1,0,2,1
415,1382c,1382a,1,2,2,1,0,2,2,0,1,2,2,0,1,0,2,2,1,3,2
416,0396b,1164a,0,2,1,0,1,2,2,1,3,2,2,1,0,2,2,1,1,1,2
417,1520a,1520c,1,3,2,1,3,2,2,0,2,2,2,1,1,3,1,2,0,1,2
418,1393a,1497b,0,2,4,1,0,2,2,0,4,2,2,1,1,0,0,2,1,2,1
419,1378c,1378a,1,1,1,1,3,2,1,0,2,2,3,4,1,3,2,3,0,0,2
420,0515a,0469b,0,1,1,1,3,2,2,2,2,1,3,2,1,2,0,2,1,1,1
421,1271a,1271b,1,1,1,1,2,0,1,1,4,1,3,4,2,2,0,2,1,3,2
422,1567c,1567b,1,2,4,1,4,2,2,0,2,2,3,1,0,2,2,2,0,0,2
423,1424a,1531c,0,3,4,1,0,2,2,1,2,2,3,1,1,0,2,3,1,2,2
424,1408c,1408b,1,0,1,1,0,0,2,0,2,1,1,1,0,1,0,3,0,2,1
425,0577b,0577c,1,2,1,0,3,2,2,1,2,2,1,1,1,1,2,3,0,0,2
426,0472b,0472c,1,2,1,1,0,2,1,1,2,2,2,1,1,1,2,2,3,2,2
427,1517c,1547a,0,3,0,1,0,2,2,1,4,2,2,4,1,1,2,1,0,2,2
428,0351c,0351b,1,1,0,1,0,2,2,1,2,2,1,1,1,1,3,2,1,3,2
429,0537a,0537b,1,3,1,1,3,2,2,2,1,2,2,1,0,3,0,2,1,4,2
430,1271b,1271c,1,3,4,2,2,0,2,1,3,2,0,1,2,4,2,2,2,2,2
431,1508b,0510b,0,1,1,1,0,2,1,1,0,1,0,1,1,3,0,3,3,3,1
432,0473b,0350a,0,1,4,1,1,0,3,0,3,2,3,2,1,0,1,2,1,3,2
433,0564a,0564c,1,2,1,1,0,2,3,3,2,1,0,1,1,1,1,1,0,3,2
434,1492b,1492c,1,2,2,1,0,2,2,0,0,2,1,1,1,3,2,3,0,2,2
435,1451c,1155c,0,0,0,1,0,2,2,0,0,2,1,0,1,0,2,0,0,3,2
436,0396b,0537c,0,2,1,0,1,2,2,1,3,2,2,2,1,3,2,2,2,0,1
437,1255a,1255b,1,1,1,1,0,2,2,1,0,1,1,1,1,1,2,2,1,4,2
438,1424a,1424b,1,3,4,1,0,2,2,1,2,2,3,1,1,0,0,2,0,0,2
439,0525a,0525c,1,1,2,1,3,2,1,1,1,1,1,1,1,2,2,1,2,1,1
440,1477a,1477c,1,3,0,1,3,2,1,1,0,2,3,1,1,2,2,2,1,0,1
441,0440b,0440a,1,2,1,1,2,0,2,1,0,1,2,0,0,2,2,2,0,4,2
442,1501c,0460c,0,0,1,1,0,0,2,1,2,1,2,4,2,1,2,2,2,1,2
443,1543b,1330c,0,2,1,1,2,2,2,1,0,2,1,1,1,2,2,2,1,3,2
444,0587a,0587b,1,1,1,1,2,2,2,2,0,2,0,1,1,0,2,1,1,0,1
445,1367a,1367b,1,2,0,1,1,2,2,3,2,2,1,1,0,1,2,1,0,3,2
446,1363b,1363a,1,0,1,1,1,0,2,0,2,1,0,0,1,1,2,3,2,3,2
447,0560a,0560b,1,2,4,1,0,0,2,0,3,2,0,1,1,0,2,2,1,0,1
448,1431a,0460c,0,3,1,1,3,2,1,3,0,2,2,4,2,1,2,2,2,1,2
449,1485b,1485c,1,0,1,1,3,2,1,1,2,1,3,4,1,3,2,3,1,3,2
450,0331b,0544b,0,3,1,1,0,2,2,0,0,2,2,1,1,3,2,3,0,0,2
451,0331a,1155c,0,3,1,0,0,2,2,3,2,2,1,0,1,0,2,0,0,3,2
452,1489b,1489c,1,2,1,1,3,2,2,1,2,2,2,4,1,0,2,2,1,1,2
453,1229b,1441b,0,1,1,1,3,2,2,0,2,2,2,0,1,0,0,2,0,2,2
454,1513b,1513c,1,2,0,1,3,2,3,0,2,2,1,1,1,0,1,2,1,1,2
455,0306b,1155b,0,2,1,0,2,2,2,0,2,2,1,1,1,3,0,1,1,2,1
456,1164b,1350c,0,2,1,1,2,1,2,1,1,2,1,4,1,3,0,1,2,1,1
457,1344a,1344c,1,1,1,1,0,2,3,0,3,2,3,1,1,3,2,2,1,4,2
458,1406a,1406b,1,1,2,2,4,2,2,0,2,2,1,0,0,1,0,2,2,2,2
459,1267b,1181b,0,2,2,1,2,2,2,0,1,2,2,1,0,2,2,1,1,0,2
460,0317a,0549b,0,1,1,0,2,0,1,1,2,1,0,1,0,2,2,3,3,4,2
461,0924a,0924b,1,2,2,1,3,1,2,1,2,2,1,0,1,3,0,2,1,0,1
462,1497a,1497b,1,0,4,1,0,2,2,1,3,2,2,1,1,0,0,2,1,2,1
463,1504c,1408a,0,0,1,1,0,2,1,0,2,1,3,1,0,3,2,1,0,3,2
464,0471a,1219c,0,1,4,1,1,2,3,0,1,2,2,4,0,1,2,3,0,1,2
465,1508b,1508a,1,1,1,1,0,2,1,1,0,1,2,4,1,0,2,2,3,4,2
466,0355a,0355b,1,3,2,1,3,2,3,0,3,2,1,4,1,0,0,2,1,1,1
467,0600a,1236c,0,2,1,1,0,2,1,0,3,2,1,1,1,1,2,3,0,1,2
468,1237a,1209c,0,2,1,0,1,2,2,0,1,2,2,1,1,3,2,3,3,4,2
469,0354b,0354c,1,3,1,1,0,2,3,1,4,2,1,0,0,1,0,1,3,2,2
470,1366a,1366c,1,3,1,1,0,2,1,1,1,2,0,1,1,0,2,2,1,1,1
471,0471b,0471c,1,0,0,1,0,1,2,0,2,2,0,0,1,3,2,1,1,2,1
472,0321c,0321b,1,2,1,1,2,2,2,0,2,2,3,2,1,3,2,2,1,4,2
473,1224c,0924b,0,1,0,1,1,2,1,1,2,2,1,0,1,3,0,2,1,0,1
474,1441a,1441c,1,1,1,1,1,2,2,2,1,2,1,1,1,1,2,2,1,1,1
475,0335a,0335c,1,1,1,1,2,2,2,1,0,2,3,1,1,0,2,1,1,3,2
476,0587b,0463b,0,0,1,1,0,2,1,1,0,1,0,0,0,3,2,3,0,3,2
477,1253a,1140c,0,3,0,1,0,2,2,3,2,2,2,4,1,2,2,1,0,1,2
478,0544b,0544a,1,2,1,1,3,2,3,0,0,2,0,1,1,0,2,2,0,1,1
479,0367a,0367c,1,2,1,1,0,2,2,0,4,2,3,1,1,3,2,2,0,1,2
480,1533c,1533a,1,1,2,1,3,2,1,0,1,1,3,3,0,3,2,2,0,3,2
481,0570c,0577c,0,3,4,1,1,2,2,0,1,2,1,1,1,1,2,3,0,0,2
482,0333c,0333a,1,3,2,1,1,2,1,1,1,2,2,1,1,3,2,1,2,0,1
483,0434c,0434a,1,0,1,0,2,2,3,0,3,2,3,0,0,2,0,3,3,0,2
484,0538a,1240b,0,2,1,0,3,2,2,1,4,2,1,1,1,1,0,1,0,3,2
485,0306a,0306b,1,3,1,1,2,2,2,0,1,2,2,1,0,2,2,2,0,2,2
486,1444b,0375b,0,1,0,1,1,2,2,0,0,1,1,3,0,1,0,2,0,2,1
487,1533b,1533c,1,1,0,1,0,2,3,0,4,2,1,2,1,3,2,1,0,1,1
488,0556a,0556c,1,2,1,1,1,0,2,0,4,1,0,1,0,1,0,3,1,0,1
489,1253b,0351b,0,0,1,1,1,2,1,1,1,1,1,1,1,1,3,2,1,3,2
490,0337a,0337b,1,2,1,1,3,2,2,3,2,1,3,4,1,3,2,2,3,4,2
491,1120a,1120c,1,2,1,1,3,2,2,0,2,2,2,1,1,0,2,2,0,0,2
492,1540b,1540c,1,1,1,1,0,2,2,1,3,2,1,2,1,0,2,2,1,0,1
493,1394c,0530a,0,3,2,1,0,2,2,3,2,1,2,4,1,0,2,3,3,4,2
494,1135b,1430a,0,3,1,1,0,2,3,1,1,2,2,1,1,0,2,3,3,3,2
495,1254c,1254b,1,1,1,1,0,2,2,1,1,2,2,1,0,2,2,2,1,3,2
496,1253b,0357a,0,0,1,1,1,2,1,1,1,1,3,4,1,1,2,3,2,3,2
497,1294a,1350c,0,1,0,1,0,2,1,0,0,1,1,4,1,3,0,1,2,1,1
498,1481a,1481b,1,3,1,1,1,2,2,0,3,2,2,1,1,1,2,2,1,0,2
499,0404c,1098a,0,0,2,1,3,2,2,0,4,2,0,1,0,1,0,1,1,1,1
500,1219b,1383b,0,2,0,1,0,2,1,0,3,2,3,2,1,3,0,2,1,2,1
501,0306b,1350c,0,2,1,0,2,2,2,0,2,2,1,4,1,3,0,1,2,1,1
502,0496f,0507c,0,2,4,1,0,2,2,1,2,2,3,4,1,1,2,1,0,1,2
503,1510c,1510a,1,2,1,1,1,2,2,0,3,2,1,1,1,0,2,1,0,3,2
504,0537b,0537c,1,2,1,0,3,0,2,1,4,2,2,2,1,3,2,2,2,0,1
505,1458a,1458c,1,0,1,1,3,2,2,1,1,2,1,4,1,3,2,2,0,0,2
506,0471a,0471c,1,1,4,1,1,2,3,0,1,2,0,0,1,3,2,1,1,2,1
507,1248b,1248c,1,3,1,1,1,2,2,0,0,2,1,1,1,1,2,2,1,2,2
508,1289a,1289b,1,2,1,1,0,2,3,0,3,2,1,4,1,3,2,2,0,2,2
509,1261b,1178b,0,3,4,1,0,2,2,0,2,2,3,0,1,3,2,2,3,1,2
510,0600a,0600c,1,2,1,1,0,2,1,0,3,2,3,1,1,3,2,2,1,0,2
511,0359a,0372a,0,2,1,1,0,2,2,0,2,2,1,1,1,3,2,1,0,1,1
512,1423a,0373c,0,3,1,1,1,2,2,2,1,1,3,0,1,3,2,3,1,4,2
513,1551b,1551c,1,1,1,1,0,2,1,1,1,1,2,4,1,3,2,2,3,2,2
514,1039c,1197a,0,2,4,1,0,2,2,3,1,2,1,4,1,3,0,2,1,0,2
515,1554a,1450a,0,2,1,1,2,2,1,0,1,2,3,1,1,3,2,2,2,1,1
516,1252a,1252c,1,3,1,1,3,2,3,0,3,2,1,2,1,0,2,2,1,1,1
517,1362a,1362b,1,3,1,1,3,2,2,0,0,2,2,1,1,3,2,2,0,4,2
518,1362a,0531a,0,3,1,1,3,2,2,0,0,2,2,2,1,1,2,2,0,3,2
519,0323a,0323b,1,3,4,2,4,2,2,3,2,2,3,0,0,1,0,3,1,1,1
520,1429b,1429a,1,2,1,1,0,0,2,0,1,1,1,2,1,2,2,2,1,0,1
521,1180a,1180c,1,2,1,1,2,2,2,1,1,2,2,4,1,0,2,3,0,3,2
522,0535b,0535c,1,0,0,1,2,2,2,1,4,2,1,2,1,3,2,1,3,3,2
523,1036b,1036c,1,2,2,0,2,2,2,0,0,2,1,4,1,0,0,2,2,0,2
524,0413a,0421c,0,1,1,1,1,2,3,0,1,1,1,0,1,1,2,2,1,1,1
525,0567b,1409c,0,1,2,1,0,2,2,1,2,1,0,2,1,0,0,2,1,2,1
526,1422a,1176a,0,3,4,0,3,0,2,1,3,2,2,0,2,4,2,2,1,3,2
527,0301b,0301c,1,1,1,1,2,2,3,0,0,2,3,1,1,4,0,2,0,1,2
528,1366a,1366b,1,3,1,1,0,2,1,1,1,2,2,2,1,3,2,2,1,2,2
529,0560c,0560a,1,1,1,1,0,2,1,1,0,2,2,4,1,0,0,2,0,3,2
530,1432c,1493b,0,2,2,1,0,2,2,0,2,2,2,4,1,0,2,2,3,3,2
531,1543a,1137b,0,3,1,1,0,2,2,0,4,2,3,1,1,3,2,1,0,0,2
532,0334b,0334c,1,2,0,1,0,2,2,3,1,2,1,4,1,3,0,2,0,0,2
533,0927a,0521c,0,1,0,1,0,0,2,0,2,1,3,1,2,1,0,2,1,3,2
534,1196a,1196c,1,0,1,1,3,2,2,2,1,1,1,1,1,1,2,3,3,3,2
535,0576b,1210a,0,1,1,1,3,0,2,3,0,2,0,1,1,0,0,2,2,2,1
536,0539a,0539c,1,2,4,1,3,2,2,1,2,2,2,1,1,0,2,2,3,0,2
537,0469a,0469b,1,2,3,1,1,2,2,3,4,2,3,2,1,2,0,2,1,1,1
538,1447c,1036b,0,1,1,0,1,2,2,2,2,2,2,2,0,2,2,2,0,0,2
539,1551a,1551c,1,0,1,1,0,2,2,3,3,2,2,4,1,3,2,2,3,2,2
540,0550b,0892a,0,3,0,1,0,2,2,0,4,2,1,0,1,1,2,3,0,0,2
541,0374b,0374a,1,1,4,1,3,2,2,0,1,2,2,2,0,0,2,1,3,3,2
542,1483a,1483b,1,2,1,1,3,2,3,0,3,2,3,4,1,0,2,2,0,1,2
543,0348a,0594c,0,3,0,1,0,2,1,0,4,2,0,4,2,4,2,2,0,3,2
544,0327c,0327b,1,1,1,1,1,2,1,1,2,1,0,1,1,1,1,2,0,3,2
545,1097a,0389c,0,3,2,1,0,2,2,0,4,2,2,0,1,0,2,2,3,2,2
546,1450b,1450a,1,2,2,1,3,2,3,0,3,2,3,1,1,3,2,2,2,1,1
547,1374a,1271c,0,3,2,0,2,2,3,0,4,2,0,1,2,4,2,2,2,2,2
548,0365a,1398c,0,0,2,1,0,2,2,0,1,2,2,1,1,0,2,2,2,1,1
549,1319a,1443b,0,2,0,1,0,2,2,3,4,2,2,1,1,2,0,2,2,0,1
550,0379b,0379c,1,3,1,1,0,2,2,0,3,2,2,1,1,2,2,2,0,3,2
551,1149b,1149c,1,2,4,1,3,2,2,1,0,2,1,1,1,3,2,1,3,3,2
552,1147c,0311a,0,0,4,1,1,2,2,0,4,2,1,2,1,1,2,1,3,3,2
553,0421b,0421c,1,2,0,1,1,0,2,0,0,2,1,0,1,1,2,2,1,1,1
554,1240a,1451b,0,1,0,1,3,2,2,3,1,2,3,1,1,3,2,3,3,3,2
555,1513a,0927c,0,2,0,1,3,2,3,0,3,2,2,1,0,2,2,1,0,1,2
556,1367b,0405a,0,1,1,0,1,2,1,0,3,2,3,0,1,0,2,3,1,2,1
557,0338b,0338c,1,2,1,1,3,2,1,0,3,2,0,1,1,3,2,2,1,2,1
558,1463a,1463b,1,2,1,1,0,2,2,1,1,1,3,1,1,3,2,1,0,1,2
559,1198a,1198b,1,3,0,2,4,2,2,0,4,2,1,0,1,3,2,0,2,2,1
560,0459b,1363b,0,2,0,1,0,2,3,1,3,2,0,1,1,1,0,2,0,2,1
561,1431c,1431a,1,3,1,1,3,2,3,1,4,2,3,1,1,3,2,1,3,0,2
562,1552a,1552c,1,3,0,1,1,2,2,1,1,2,3,1,1,1,2,1,1,3,2
563,1329c,1220b,0,0,1,1,0,2,2,3,0,2,0,1,1,1,2,3,1,2,1
564,1451b,1273a,0,3,1,1,3,2,3,3,3,2,1,2,1,0,0,2,1,0,2
565,0328b,0328a,1,0,2,1,1,2,3,0,3,2,3,1,0,2,2,3,0,2,2
566,0472a,0472c,1,3,1,1,3,2,3,0,0,2,2,1,1,1,2,2,3,2,2
567,0552a,0411c,0,2,1,1,0,2,2,1,2,1,2,1,1,3,2,1,0,4,2
568,1252a,0313b,0,3,1,1,3,2,3,0,3,2,2,1,0,2,2,2,0,0,2
569,0318c,0318b,1,3,2,1,3,2,2,0,4,2,1,2,1,0,0,2,0,0,2
570,0314b,0314c,1,0,0,1,0,2,2,0,2,2,1,1,1,3,2,0,0,0,2
571,1386a,1386c,1,1,1,1,0,2,2,0,3,2,3,1,1,3,2,2,0,2,2
572,0571b,0571a,1,0,1,1,0,2,2,0,0,2,2,4,1,3,2,3,0,1,2
573,0927c,0368c,0,2,1,0,2,2,1,0,1,2,3,1,0,2,2,3,2,2,2
574,1424a,1429c,0,3,4,1,0,2,2,1,2,2,0,0,1,3,2,2,0,0,2
575,1364b,1374c,0,3,1,1,3,2,2,1,1,2,3,0,1,0,2,1,0,3,2
576,1212a,1212c,1,2,1,1,0,0,2,2,2,1,2,0,1,0,0,2,2,2,1
577,1534a,0532c,0,2,1,1,1,2,3,1,3,2,2,2,1,3,2,3,0,2,2
578,0314c,0314a,1,1,1,1,3,2,0,0,0,2,1,1,1,0,2,1,2,1,1
579,0301b,0328b,0,1,1,1,2,2,3,0,0,2,0,2,1,1,2,3,0,3,2
580,0892a,0892c,1,1,0,1,1,2,3,0,0,2,3,2,0,2,2,2,1,0,2
581,1254b,1488b,0,2,1,0,2,2,2,1,3,2,2,2,1,0,0,2,1,1,1
582,0458a,1284b,0,2,1,1,0,2,2,1,0,2,1,1,1,3,0,2,0,1,2
583,1463a,1325a,0,2,1,1,0,2,2,1,1,1,3,1,1,0,1,2,0,1,2
584,1444a,1444b,1,0,1,1,0,2,3,0,3,2,1,0,1,1,2,2,0,0,1
585,1475b,1475c,1,3,1,0,3,2,2,0,3,2,3,1,1,3,0,1,3,4,2
586,0307c,0451c,0,1,1,1,1,2,2,2,3,2,1,0,1,1,2,2,0,2,1
587,1323a,1323b,1,2,0,1,1,2,3,2,3,2,1,1,0,2,2,1,1,3,2
588,1325a,1325c,1,3,1,1,0,1,2,0,1,2,1,4,1,3,2,3,1,2,2
589,1531b,1465b,0,2,1,1,3,2,1,1,3,2,0,1,1,1,2,1,1,2,2
590,0334c,0563a,0,1,4,1,3,0,2,0,0,2,1,1,1,1,0,2,0,2,1
591,1236c,0457c,0,1,1,1,1,2,3,0,1,2,0,2,1,0,0,2,0,3,2
592,1236a,0492b,0,3,0,1,3,2,2,0,3,2,2,0,1,0,2,1,1,3,2
593,1171b,1171a,1,2,4,1,3,2,1,1,3,2,1,2,1,3,2,3,0,0,2
594,0561a,0474c,0,2,1,1,3,2,1,0,1,2,3,4,1,0,2,2,3,1,2
595,0411c,0402b,0,2,1,1,3,2,1,0,4,2,3,4,1,3,2,2,1,2,2
596,0379c,0492b,0,2,1,1,2,2,2,0,3,2,2,0,1,0,2,1,1,3,2
597,1487a,1487c,1,2,1,1,3,2,3,0,2,2,3,1,1,3,0,1,0,0,1
598,1204b,1504a,0,2,1,1,3,1,3,0,4,2,1,0,1,1,2,1,3,0,2
599,0459b,1178a,0,2,0,1,0,2,3,1,3,2,3,4,1,3,0,2,0,3,2
600,0483a,0483b,1,2,2,1,3,2,2,0,1,1,1,1,1,0,0,3,1,2,1
601,1197c,1197b,1,1,2,1,0,0,2,0,4,2,0,0,1,4,2,3,0,4,2
602,0562c,1465c,0,3,0,1,3,2,1,0,2,2,1,2,0,2,2,2,0,2,2
603,1336a,0445c,0,0,1,1,2,2,2,0,0,2,2,4,1,3,0,2,0,4,2
604,1254c,1254a,1,1,1,1,0,2,2,1,1,2,1,1,1,1,2,1,3,3,2
605,0396c,1219a,0,3,1,1,0,2,2,3,2,2,3,1,1,1,2,1,0,0,2
606,0560a,0464a,0,2,4,1,0,0,2,0,3,2,1,0,1,3,2,3,1,0,2
607,0456a,1178c,0,2,1,0,2,2,2,0,3,2,2,4,1,3,0,2,1,0,2
608,0562a,0562c,1,0,1,1,3,2,2,1,4,2,3,0,1,3,2,1,0,2,2
609,0472a,1567b,0,3,1,1,3,2,3,0,0,2,3,1,0,2,2,2,0,0,2
610,1416b,1416c,1,2,0,1,0,2,2,1,2,2,1,4,1,3,2,3,1,4,2
611,1521a,1521b,1,2,2,1,0,2,2,1,1,2,3,1,1,3,0,2,3,3,2
612,0549b,0549c,1,0,1,0,2,2,3,3,4,2,3,1,1,3,3,3,3,4,2
613,0350b,0350a,1,2,1,1,3,2,1,1,4,2,3,2,1,0,1,2,1,3,2
614,1431c,0324c,0,3,1,1,3,2,3,1,4,2,1,1,0,4,2,2,0,3,2
615,1123c,1222a,0,3,4,1,3,2,2,1,4,2,2,1,0,2,2,1,0,3,2
616,1208b,1208c,1,1,0,1,0,2,1,0,1,1,0,1,1,0,2,1,3,2,2
617,1510a,1257a,0,1,1,1,0,2,1,0,3,2,2,1,1,2,2,1,0,3,2
618,0321b,0348a,0,3,2,1,3,2,2,1,4,2,3,0,1,0,2,1,0,4,2
619,1329b,1329c,1,1,1,1,3,2,2,3,0,2,0,1,1,0,2,2,3,0,2
620,1178a,1501c,0,3,4,1,3,0,2,0,3,2,0,1,1,0,0,2,1,2,1
621,1343a,1343b,1,2,0,1,0,2,1,0,0,2,2,1,1,0,2,3,1,4,2
622,0429a,1533c,0,2,0,1,3,2,3,0,4,2,1,2,1,3,2,1,0,1,1
623,0552a,0552b,1,2,1,1,0,2,2,1,2,1,2,0,1,3,2,2,0,0,2
624,1334a,1257c,0,3,1,1,0,2,3,0,2,2,0,1,1,3,2,2,0,4,2
625,1303a,1303b,1,3,4,1,0,0,2,0,4,2,3,1,0,2,2,2,0,3,2
626,1303c,1086b,0,3,4,1,0,2,2,0,4,2,0,1,1,1,2,2,1,0,1
627,1494c,0401b,0,3,4,1,3,2,3,3,3,2,2,0,2,3,2,3,3,2,2
628,0584a,1149b,0,1,1,1,1,2,2,0,0,2,2,4,1,3,2,2,1,0,2
629,1153a,0461a,0,0,1,1,1,2,2,0,0,2,3,1,1,3,0,2,0,0,2
630,1086b,0315a,0,0,1,1,1,2,2,1,0,1,2,4,0,2,2,3,0,3,2
631,1430a,1152c,0,2,1,1,0,2,3,3,3,2,0,0,1,1,2,1,1,1,1
632,1493a,0473b,0,2,1,1,0,1,2,0,3,2,1,4,1,1,0,3,0,3,2
633,0496c,1497a,0,3,4,1,3,2,2,0,1,2,0,4,1,0,2,2,1,3,2
634,1567c,0353c,0,2,4,1,4,2,2,0,2,2,1,2,1,1,2,3,0,1,2
635,1411a,1411b,1,2,0,1,1,2,2,1,1,2,3,1,1,3,2,3,1,1,2
636,0353a,0353b,1,2,1,1,3,1,2,0,2,2,2,1,1,1,2,1,1,2,1
637,1424b,1424c,1,3,1,1,0,0,2,0,0,2,1,1,1,3,2,2,1,1,1
638,1483b,1483c,1,3,4,1,0,2,2,0,1,2,1,1,1,1,0,1,0,1,1
639,0525a,0556b,0,1,2,1,3,2,1,1,1,1,0,2,0,1,0,2,1,1,1
640,0429b,1273c,0,1,1,1,3,2,3,1,4,2,1,1,1,3,1,1,3,1,2
641,0531a,0531b,1,2,2,1,1,2,2,0,3,2,2,0,1,3,2,1,0,2,2
642,1451a,0334b,0,1,4,1,3,2,2,0,4,2,2,0,1,0,2,2,3,1,2
643,1164c,1240b,0,3,1,1,3,2,3,0,2,2,1,1,1,1,0,1,0,3,2
644,1364a,0471b,0,2,1,1,2,0,2,0,3,2,0,0,1,0,1,2,0,2,2
645,0521b,1039a,0,1,1,1,0,1,1,0,0,2,3,1,0,0,0,3,1,0,2
646,1134b,1129b,0,3,4,1,1,2,2,0,2,2,3,1,1,0,2,2,1,4,1
647,0492a,1328b,0,3,4,1,1,2,2,0,4,2,1,2,1,0,2,2,3,2,2
648,1532a,0521c,0,0,2,1,0,2,1,1,1,1,3,1,2,1,0,2,1,3,2
649,1230a,0338a,0,0,1,1,0,2,2,0,3,2,2,4,1,0,2,3,0,1,2
650,1508b,0330a,0,1,1,1,0,2,1,1,0,1,1,0,1,1,2,2,2,1,1
651,0885c,0555a,0,2,1,1,0,1,3,0,0,2,1,4,0,2,0,2,3,4,1
652,0503a,1378a,0,2,1,1,0,2,3,0,2,2,3,4,1,3,2,3,0,0,2
653,1468b,1468c,1,3,1,1,2,2,2,1,3,2,1,2,1,3,2,2,0,4,2
654,1501b,1501a,1,3,1,1,2,2,1,1,0,1,1,3,1,0,2,3,1,3,2
655,1485a,1485b,1,3,4,1,0,2,2,2,2,2,0,1,1,3,2,1,1,2,1
656,0389c,0459b,0,2,0,1,0,2,2,3,2,2,2,0,1,0,2,3,1,3,2
657,1164a,1164b,1,2,1,0,2,2,1,1,1,2,2,1,1,2,1,2,1,1,2
658,1518c,1518a,1,2,1,1,0,2,1,0,1,2,2,2,1,3,2,2,0,1,2
659,1309b,1426c,0,2,2,1,3,2,2,0,0,2,1,0,1,0,2,3,1,2,2
660,1231a,1343b,0,1,2,1,0,2,2,1,0,2,2,1,1,0,2,3,1,4,2
661,1253a,1253b,1,3,0,1,0,2,2,3,2,2,0,1,1,1,2,1,1,1,1
662,1178a,1178b,1,3,4,1,3,0,2,0,3,2,3,0,1,3,2,2,3,1,2
663,0496a,0328b,0,3,4,1,0,2,3,1,2,2,0,2,1,1,2,3,0,3,2
664,1508c,1544a,0,1,4,1,1,0,2,0,0,2,3,4,1,0,2,2,3,4,2
665,0458a,0458c,1,2,1,1,0,2,2,1,0,2,3,0,1,0,2,2,0,3,2
666,0473b,0473c,1,1,4,1,1,0,3,0,3,2,1,1,1,3,2,3,2,4,1
667,1135b,1517c,0,3,1,1,0,2,3,1,1,2,3,0,1,0,2,2,1,4,2
668,1365b,1465c,0,0,4,1,3,2,2,1,0,2,1,2,0,2,2,2,0,2,2
669,1432c,1393a,0,2,2,1,0,2,2,0,2,2,2,4,1,0,2,2,0,4,2
670,1219a,0474c,0,3,1,1,1,2,1,0,0,2,3,4,1,0,2,2,3,1,2
671,0873a,1091a,0,2,2,0,2,2,2,3,0,2,3,1,2,4,2,2,3,4,2
672,0463a,0401b,0,1,1,1,0,0,3,3,4,2,2,0,2,3,2,3,3,2,2
673,0396c,1231a,0,3,1,1,0,2,2,3,2,2,1,2,1,0,2,2,1,0,2
674,1450c,0383a,0,3,0,1,1,2,1,1,3,2,0,1,0,2,2,1,1,4,2
675,1248a,0381b,0,2,1,1,3,2,2,1,4,2,3,1,1,0,2,3,0,4,2
676,1531c,0335b,0,3,1,1,0,2,3,1,2,2,3,4,1,0,2,2,1,1,2
677,1475a,1475b,1,1,1,0,0,2,2,1,2,2,3,1,0,3,2,2,0,3,2
678,0323c,0323b,1,1,0,1,1,0,1,0,0,1,3,0,0,1,0,3,1,1,1
679,1475a,1475c,1,1,1,0,0,2,2,1,2,2,3,1,1,3,0,1,3,4,2
680,1099c,0580b,0,2,4,0,2,2,2,0,3,2,1,1,0,2,2,2,3,3,2
681,0374b,0374c,1,1,4,1,3,2,2,0,1,2,2,1,1,3,2,2,3,0,2
682,0594b,0594c,1,0,0,0,3,2,0,0,3,2,0,4,2,4,2,2,0,3,2
683,1149c,1208a,0,1,1,1,3,2,1,3,3,2,0,4,1,0,0,2,0,2,2
684,0411c,0411a,1,2,1,1,3,2,1,0,4,2,3,1,1,0,2,1,1,4,2
685,0471a,0471b,1,1,4,1,1,2,3,0,1,2,0,0,1,0,1,2,0,2,2
686,0552a,1365b,0,2,1,1,0,2,2,1,2,1,0,4,1,3,2,2,1,0,2
687,0353c,1496c,0,1,2,1,1,2,3,0,1,2,2,1,1,1,0,2,2,2,1
688,1488c,1488b,1,3,0,1,0,2,2,0,1,2,2,2,1,0,0,2,1,1,1
689,0525a,0525b,1,1,2,1,3,2,1,1,1,1,2,3,0,0,2,2,0,3,2
690,1362c,1267b,0,3,0,1,0,2,2,0,2,2,2,2,1,2,2,2,0,1,2
691,1262a,1312a,0,2,4,1,3,2,3,0,4,2,1,2,0,2,0,2,1,2,1
692,1497c,1475c,0,2,0,1,3,2,2,3,4,2,3,1,1,3,0,1,3,4,2
693,1551a,1421b,0,0,1,1,0,2,2,3,3,2,3,1,1,3,2,2,2,2,1
694,1488a,1499c,0,1,1,1,0,2,3,0,0,2,2,0,1,3,0,2,1,3,2
695,0401b,0401c,1,2,0,2,3,2,3,3,2,2,1,3,1,3,0,3,0,4,2
696,1329c,0348b,0,0,1,1,0,2,2,3,0,2,1,1,1,1,0,1,0,2,1
697,1481b,1481c,1,2,1,1,1,2,2,1,0,2,2,1,1,3,2,1,0,0,2
698,1449c,1374a,0,1,1,1,0,0,3,2,2,1,3,2,0,2,2,3,0,4,2
699,1119a,1119c,1,1,1,1,0,0,2,0,1,2,2,1,1,3,2,2,1,2,1
700,1520c,0569a,0,2,1,1,3,1,2,0,1,2,1,1,0,2,2,3,0,3,2
701,1328a,1367c,0,3,1,1,2,2,3,0,0,2,1,1,1,3,2,0,0,3,2
702,0461a,0461b,1,3,1,1,3,0,2,0,0,2,2,1,1,0,2,2,2,0,1
703,1382a,1426a,0,2,0,1,0,2,2,1,3,2,2,0,1,1,2,2,1,2,1
704,1119a,1329b,0,1,1,1,0,0,2,0,1,2,1,1,1,3,2,2,3,0,2
705,1492a,1492b,1,1,1,1,3,2,1,0,0,2,2,2,1,0,2,2,0,0,2
706,1516a,1413a,0,2,0,1,0,2,2,1,1,2,2,1,1,1,2,3,0,1,2
707,0348a,0585b,0,3,0,1,0,2,1,0,4,2,3,1,2,3,2,3,1,4,2
708,1497c,1039a,0,2,0,1,3,2,2,3,4,2,3,1,0,0,0,3,1,0,2
709,1294a,1294c,1,1,0,1,0,2,1,0,0,1,3,0,1,3,2,3,1,0,2
710,0357b,0357c,1,2,1,0,0,0,2,2,3,2,0,2,1,1,0,2,0,1,1
711,0496c,0496a,1,3,4,1,3,2,2,0,1,2,3,4,1,0,2,3,1,2,2
712,1140c,1140a,1,2,4,1,2,2,1,0,1,2,3,4,0,2,2,1,1,3,2
713,1444a,0461b,0,0,1,1,0,2,3,0,3,2,2,1,1,0,2,2,2,0,1
714,0577b,0334c,0,2,1,0,3,2,2,1,2,2,1,4,1,3,0,2,0,0,2
715,0337b,1483c,0,3,4,1,3,2,2,3,4,2,1,1,1,1,0,1,0,1,1
716,1328a,0315b,0,3,1,1,2,2,3,0,0,2,2,1,0,2,2,1,1,3,2
717,1230c,1230b,1,2,4,1,3,2,2,0,2,2,1,1,0,3,2,2,1,3,2
718,0365a,1335c,0,0,2,1,0,2,2,0,1,2,2,1,1,3,2,2,2,1,1
719,0593b,0570a,0,3,4,1,0,2,2,3,3,2,2,1,0,3,0,2,1,3,2
720,1461c,1461a,1,2,4,1,3,2,1,0,3,2,1,0,1,1,2,0,0,1,2
721,1481a,1237a,0,3,1,1,1,2,2,0,3,2,2,1,0,1,2,2,0,1,2
722,1240b,1240c,1,1,1,1,1,0,1,0,3,2,2,1,0,0,2,3,1,1,2
723,0491c,0340b,0,2,2,1,0,2,2,0,4,2,1,4,1,1,2,1,0,3,2
724,1137a,1137c,1,1,1,1,0,2,1,0,1,2,2,2,1,3,2,2,0,3,2
725,1127b,1127c,1,3,1,1,0,2,2,1,0,2,2,4,1,0,2,2,0,2,2
726,1261b,0570c,0,3,4,1,0,2,2,0,2,2,3,4,1,1,2,2,0,1,2
727,0471a,1198a,0,1,4,1,1,2,3,0,1,2,3,0,2,4,2,2,0,4,2
728,1392a,0556b,0,2,4,1,1,0,2,3,2,1,0,2,0,1,0,2,1,1,1
729,1501c,1501b,1,0,1,1,0,0,2,1,2,1,3,1,1,2,2,1,1,0,1
730,1284a,1284c,1,2,1,1,0,2,2,1,4,2,3,1,1,0,2,1,1,2,2
731,1191b,1191c,1,3,4,0,1,2,1,0,3,2,3,4,1,3,2,3,3,4,2
732,0373b,0567b,0,2,1,1,1,2,1,0,0,1,1,2,1,0,2,2,1,2,1
733,1164c,1237a,0,3,1,1,3,2,3,0,2,2,2,1,0,1,2,2,0,1,2
734,1144b,1447b,0,1,2,1,0,2,2,1,2,2,1,4,1,0,2,2,2,1,1
735,0525b,0525c,1,2,3,0,0,2,2,0,3,2,1,1,1,2,2,1,2,1,1
736,0472b,1417c,0,2,1,1,0,2,1,1,2,2,1,1,1,3,2,2,1,2,1
737,1090c,1090a,1,0,0,1,3,2,2,0,1,2,2,0,1,1,2,1,0,1,1
738,1155b,1155a,1,1,1,1,3,0,1,1,2,1,1,1,0,2,2,1,1,0,2
739,1520c,1334c,0,2,1,1,3,1,2,0,1,2,3,4,1,3,2,3,1,2,2
740,1360a,1361a,0,3,1,0,2,2,2,0,2,2,1,4,1,0,0,2,3,3,2
741,0516a,0516b,1,2,0,1,0,0,3,0,3,2,0,1,0,2,2,2,0,1,2
742,0517b,0556b,0,3,0,1,3,0,1,0,3,2,0,2,0,1,0,2,1,1,1
743,1362b,1362c,1,2,1,1,3,2,2,0,4,2,3,0,1,0,2,2,0,2,2
744,0538a,0538c,1,2,1,0,3,2,2,1,4,2,2,2,1,0,2,2,2,1,2
745,1370a,1370c,1,2,1,1,3,0,2,0,1,2,3,1,1,1,2,2,1,1,2
746,0496f,0496a,1,2,4,1,0,2,2,1,2,2,3,4,1,0,2,3,1,2,2
747,0414b,0414c,1,1,1,1,0,2,1,1,1,2,0,1,1,0,2,2,1,3,2
748,1226c,1340c,0,2,0,0,0,0,2,0,0,2,1,0,0,0,2,1,1,2,2
749,1370a,1370b,1,2,1,1,3,0,2,0,1,2,1,0,1,0,2,2,0,3,2
750,1181b,1181c,1,2,1,0,2,2,1,1,0,2,2,2,1,0,0,3,0,4,2
751,0424a,1485b,0,1,2,1,3,2,2,0,1,2,0,1,1,3,2,1,1,2,1
752,1335b,1335c,1,2,2,1,0,2,2,3,2,2,2,1,1,3,2,2,2,1,1
753,0445a,0445c,1,2,2,1,0,0,2,0,3,2,2,4,1,3,0,2,0,4,2
754,0333b,0333a,1,2,1,1,0,2,3,1,1,2,2,1,1,3,2,1,2,0,1
755,1492a,0336a,0,1,1,1,3,2,1,0,0,2,1,2,1,3,2,2,1,3,2
756,0307a,0307b,1,2,0,1,3,2,2,0,4,2,3,0,1,0,2,2,1,2,2
757,1455b,1455c,1,2,1,1,1,2,2,0,0,2,2,1,1,3,2,2,1,3,2
758,1146b,1146c,1,2,0,1,3,2,1,1,1,2,3,0,1,3,2,2,1,4,2
759,1520c,1367b,0,2,1,1,3,1,2,0,1,2,1,1,0,1,2,1,0,3,2
760,1237a,1253c,0,2,1,0,1,2,2,0,1,2,2,0,0,2,2,2,0,0,2
761,0924a,0924c,1,2,2,1,3,1,2,1,2,2,0,1,1,0,2,1,2,1,1
762,1221a,1405c,0,3,4,1,0,2,2,2,1,2,2,3,1,0,2,2,0,1,2
763,1485a,1485c,1,3,4,1,0,2,2,2,2,2,3,4,1,3,2,3,1,3,2
764,1267a,0551a,0,2,1,1,0,2,2,2,2,1,2,1,1,1,2,0,1,3,2
765,1402a,0368b,0,2,1,1,1,2,1,0,3,2,3,0,1,3,0,2,1,2,2
766,0414a,0414b,1,3,2,1,0,2,2,0,2,2,1,1,1,0,2,1,1,1,2
767,0381a,0381b,1,1,0,1,3,2,2,0,3,2,3,1,1,0,2,3,0,4,2
768,1152b,1140c,0,2,1,1,1,2,3,0,3,2,2,4,1,2,2,1,0,1,2
769,0334a,0334b,1,2,0,1,0,2,3,0,0,2,2,0,1,0,2,2,3,1,2
770,0525c,0376c,0,1,1,1,2,2,1,2,1,1,2,1,0,0,3,2,2,3,2
771,0321c,0321a,1,2,1,1,2,2,2,0,2,2,2,1,1,3,2,1,1,2,1
772,1229b,1229c,1,1,1,1,3,2,2,0,2,2,2,1,0,0,2,2,1,2,2
773,0313c,1173c,0,0,1,1,3,2,2,1,1,1,1,2,1,3,0,2,0,2,2
774,1129b,1181b,0,3,1,1,0,2,2,1,4,1,2,1,0,2,2,1,1,0,2
775,1409c,0413b,0,0,2,1,0,0,2,1,2,1,1,1,1,3,0,1,2,2,1
776,1382b,0451c,0,2,1,1,0,0,2,0,0,2,1,0,1,1,2,2,0,2,1
777,1335a,1335c,1,2,1,1,0,2,3,0,1,2,2,1,1,3,2,2,2,1,1
778,1253b,0924c,0,0,1,1,1,2,1,1,1,1,0,1,1,0,2,1,2,1,1
779,1447a,0544a,0,2,1,1,3,2,1,1,0,2,0,1,1,0,2,2,0,1,1
780,1458a,1149b,0,0,1,1,3,2,2,1,1,2,2,4,1,3,2,2,1,0,2
781,0550a,0550c,1,3,4,1,3,2,2,0,0,2,2,0,1,1,2,2,0,4,2
782,1123c,1123a,1,3,4,1,3,2,2,1,4,2,2,1,2,1,0,1,1,2,1
783,1341b,1341c,1,2,4,1,0,2,3,0,2,2,2,1,1,2,2,2,1,4,2
784,1231a,1231b,1,1,2,1,0,2,2,1,0,2,0,0,1,0,2,2,0,1,2
785,1468a,1468b,1,1,1,1,2,2,2,0,0,2,3,1,1,2,2,2,1,3,2
786,0570c,0570a,1,3,4,1,1,2,2,0,1,2,2,1,0,3,0,2,1,3,2
787,1124c,1224b,0,3,1,1,0,2,0,1,2,2,2,4,2,4,3,3,3,4,2
788,1122a,1108b,0,2,1,1,3,0,1,0,2,1,2,2,0,2,2,1,0,0,2
789,0372a,0357b,0,1,1,1,3,2,1,0,1,1,2,1,0,0,0,2,2,3,2
790,0461b,1226c,0,2,1,1,0,2,2,2,0,1,2,0,0,0,0,2,0,0,2
791,1534b,1534c,1,1,1,1,3,2,2,1,1,2,3,1,1,0,2,1,0,3,2
792,0469a,0469c,1,2,3,1,1,2,2,3,4,2,2,0,1,1,0,2,3,0,1
793,0366a,1433b,0,2,4,1,3,2,2,0,3,2,3,1,1,3,0,2,0,1,2
794,1554a,1180c,0,2,1,1,2,2,1,0,1,2,2,4,1,0,2,3,0,3,2
795,0532b,1374b,0,2,1,1,3,0,2,0,1,1,1,1,1,0,2,2,2,2,1
796,0354b,1286c,0,3,1,1,0,2,3,1,4,2,2,1,1,1,2,1,3,3,2
797,0307c,0898b,0,1,1,1,1,2,2,2,3,2,2,0,1,0,0,3,0,2,2
798,1268a,1268c,1,2,1,1,0,0,2,0,4,2,2,1,1,3,2,3,0,4,2
799,1504c,1504a,1,0,1,1,0,2,1,0,2,1,1,0,1,1,2,1,3,0,2
800,1565a,1565c,1,2,4,1,3,2,2,0,1,2,2,1,1,0,2,2,2,2,2
801,0405c,0405a,1,1,0,1,1,2,2,1,2,1,3,0,1,0,2,3,1,2,1
802,1284a,1268b,0,2,1,1,0,2,2,1,4,2,1,1,1,0,2,2,1,3,1
803,1377b,1377c,1,0,1,1,0,1,2,1,0,2,2,1,0,2,2,3,0,3,2
804,0365b,0373c,0,2,1,1,3,0,2,0,2,1,3,0,1,3,2,3,1,4,2
805,0363c,0363b,1,1,1,1,0,2,2,3,0,2,1,1,1,1,2,1,0,1,1
806,1341a,1341c,1,0,2,1,0,2,2,0,2,2,2,1,1,2,2,2,1,4,2
807,1490b,1547b,0,1,0,1,3,2,1,0,2,2,2,0,1,1,2,1,0,2,2
808,0517c,0517a,1,1,1,1,3,0,2,3,2,1,3,0,1,0,2,0,1,1,2
809,1377a,1377c,1,2,2,1,3,0,3,0,2,2,2,1,0,2,2,3,0,3,2
810,1323a,1323c,1,2,0,1,1,2,3,2,3,2,1,0,1,1,2,2,3,0,1
811,0355c,0355b,1,1,1,1,1,2,1,0,1,2,1,4,1,0,0,2,1,1,1
812,1181a,1181c,1,1,0,1,0,2,1,0,2,2,2,2,1,0,0,3,0,4,2
813,1294b,1294c,1,1,1,1,0,2,0,0,3,2,3,0,1,3,2,3,1,0,2
814,0518a,0518b,1,2,1,1,0,0,2,2,1,1,1,1,1,0,0,1,1,2,1
815,1282c,0317c,0,1,1,2,3,2,2,1,2,2,0,0,0,2,2,3,1,3,2
816,1460a,1363b,0,2,1,1,1,0,2,0,0,2,0,1,1,1,0,2,0,2,1
817,0440a,0466c,0,2,0,0,2,2,2,0,4,2,3,1,1,2,2,1,2,0,1
818,1305a,1305c,1,1,1,1,0,2,2,0,0,2,1,1,1,3,2,2,0,1,2
819,1448a,1448c,1,2,1,1,0,2,1,0,0,1,3,4,1,3,2,2,1,1,2
820,0328b,0401c,0,0,2,1,1,2,3,0,3,2,1,3,1,3,0,3,0,4,2
821,1234a,1495c,0,3,4,1,3,2,2,0,3,2,1,1,1,0,0,2,1,2,1
822,0313c,0313b,1,0,1,1,3,2,2,1,1,1,2,1,0,2,2,2,0,0,2
823,0489c,0489b,1,1,1,1,1,2,2,1,2,1,1,0,1,0,2,3,3,4,2
824,1164c,1164a,1,3,1,1,3,2,3,0,2,2,2,1,0,2,2,1,1,1,2
825,1134b,1563a,0,3,4,1,1,2,2,0,2,2,0,1,1,3,2,3,0,0,2
826,0557c,0440c,0,1,1,1,0,2,1,0,2,1,3,4,1,0,2,1,0,4,2
827,0432a,1448b,0,3,0,1,3,2,2,1,2,2,1,2,1,3,2,2,1,1,2
828,1164b,1191b,0,2,1,1,2,1,2,1,1,2,3,4,0,1,2,1,0,3,2
829,1508c,1191c,0,1,4,1,1,0,2,0,0,2,3,4,1,3,2,3,3,4,2
830,1416a,1448a,0,1,1,1,3,2,1,0,4,2,2,1,1,0,2,1,0,0,1
831,0337a,0337c,1,2,1,1,3,2,2,3,2,1,3,4,1,1,2,1,1,3,2
832,0337a,1155b,0,2,1,1,3,2,2,3,2,1,1,1,1,3,0,1,1,2,1
833,1549c,1521b,0,0,2,1,3,2,2,1,4,2,3,1,1,3,0,2,3,3,2
834,0331b,0331a,1,3,1,1,0,2,2,0,0,2,3,1,0,0,2,2,3,2,2
835,0472c,0537c,0,2,1,1,1,2,2,3,2,2,2,2,1,3,2,2,2,0,1
836,0517c,1449c,0,1,1,1,3,0,2,3,2,1,1,1,1,0,0,3,2,2,1
837,1367a,1367c,1,2,0,1,1,2,2,3,2,2,1,1,1,3,2,0,0,3,2
838,0434b,0434a,1,1,4,1,0,2,2,0,0,2,3,0,0,2,0,3,3,0,2
839,0457a,0457b,1,2,3,1,3,2,2,0,1,2,1,4,0,1,0,2,0,1,1
840,0301a,0301b,1,1,0,1,0,2,2,1,4,2,1,1,1,2,2,3,0,0,2
841,1236c,1236b,1,1,1,1,1,2,3,0,1,2,3,4,1,0,2,2,1,0,2
842,0355b,1501a,0,1,4,1,0,0,2,1,1,1,1,3,1,0,2,3,1,3,2
843,1508a,1508c,1,2,4,1,0,2,2,3,4,2,1,4,1,1,0,2,0,0,2
844,1375c,1375a,1,3,4,1,0,2,2,0,0,2,1,0,1,1,2,2,0,3,2
845,0587a,0587c,1,1,1,1,2,2,2,2,0,2,1,4,0,3,2,3,1,3,2
846,0448b,0323c,0,2,2,1,0,0,2,3,2,1,1,0,1,1,0,1,0,0,1
847,1554a,1554b,1,2,1,1,2,2,1,0,1,2,2,1,1,1,2,2,1,1,1
848,1254a,1254b,1,1,1,1,1,2,1,3,3,2,2,1,0,2,2,2,1,3,2
849,0460c,0941c,0,2,4,2,1,2,2,2,1,2,1,0,0,4,2,3,1,3,2
850,1336a,1336c,1,0,1,1,2,2,2,0,0,2,0,1,1,0,2,3,0,0,2
851,0560a,1431a,0,2,4,1,0,0,2,0,3,2,3,1,1,3,2,1,3,0,2
852,1463a,1441a,0,2,1,1,0,2,2,1,1,1,1,1,1,1,2,2,2,1,2
853,0896a,0896c,1,3,1,1,1,2,3,0,3,2,1,1,1,0,2,3,1,4,2
854,1416b,1416a,1,2,0,1,0,2,2,1,2,2,1,1,1,3,2,1,0,4,2
855,1219a,1547b,0,3,1,1,1,2,1,0,0,2,2,0,1,1,2,1,0,2,2
856,0411c,0892a,0,2,1,1,3,2,1,0,4,2,1,0,1,1,2,3,0,0,2
857,0319a,0456a,0,2,4,1,0,2,3,1,2,2,2,1,0,2,2,2,0,3,2
858,1540c,1360c,0,1,2,1,0,2,2,1,0,1,0,1,1,2,1,2,1,1,1
859,1204b,0583c,0,2,1,1,3,1,3,0,4,2,3,1,0,2,2,2,2,3,2
860,1197c,0564a,0,1,2,1,0,0,2,0,4,2,2,1,1,0,2,3,3,2,1
861,1248a,0477a,0,2,1,1,3,2,2,1,4,2,2,1,1,1,2,1,0,0,2
862,1508c,1394b,0,1,4,1,1,0,2,0,0,2,3,1,0,1,2,1,1,3,2
863,0532b,0532c,1,2,1,1,3,0,2,0,1,1,2,2,1,3,2,3,0,2,2
864,1090c,1429b,0,0,0,1,3,2,2,0,1,2,2,1,1,0,0,2,0,1,1
865,1402a,1236b,0,2,1,1,1,2,1,0,3,2,3,4,1,0,2,2,1,0,2
866,1495b,1495c,1,1,1,1,2,2,1,1,0,2,1,1,1,0,0,2,1,2,1
867,1210a,0324a,0,0,1,1,0,0,2,2,2,1,0,2,1,0,1,2,1,3,2
868,1545a,1545c,1,0,1,1,0,2,2,1,2,2,2,1,1,3,2,3,0,1,2
869,0368b,1198a,0,3,0,1,3,0,2,1,2,2,3,0,2,4,2,2,0,4,2
870,1406c,0594b,0,1,0,1,4,0,2,3,2,2,0,0,0,3,2,0,0,3,2
871,1394a,0596a,0,2,1,1,3,2,2,1,1,1,2,0,1,3,2,2,1,3,2
872,0353a,0353c,1,2,1,1,3,1,2,0,2,2,1,2,1,1,2,3,0,1,2
873,1039c,0319b,0,2,4,1,0,2,2,3,1,2,1,1,1,1,2,3,0,2,1
874,0372a,0372b,1,1,1,1,3,2,1,0,1,1,1,1,1,3,1,2,1,2,2
875,0556a,0569a,0,2,1,1,1,0,2,0,4,1,1,1,0,2,2,3,0,3,2
876,0322b,0304a,0,1,1,1,3,1,2,0,1,2,2,1,1,1,2,0,1,2,2
877,1152b,1152a,1,2,1,1,1,2,3,0,3,2,3,4,0,2,2,1,0,2,2
878,0536a,0536b,1,2,1,1,0,2,3,0,4,2,1,0,1,2,2,2,0,3,2
879,1373a,0969b,0,3,4,1,3,2,2,2,1,2,2,0,1,1,2,1,1,2,1
880,0477a,0477b,1,2,1,1,1,2,1,0,0,2,2,1,1,1,2,3,0,2,2
881,1406a,0401b,0,1,2,2,4,2,2,0,2,2,2,0,2,3,2,3,3,2,2
882,1444a,1423a,0,0,1,1,0,2,3,0,3,2,3,1,1,1,2,2,2,1,1
883,1365c,1531a,0,2,2,1,1,2,2,1,2,2,2,0,1,0,2,3,0,3,2
884,0569a,0569b,1,1,1,0,2,2,3,0,3,2,0,0,1,2,2,1,1,1,2
885,0564b,0455c,0,2,2,1,2,0,2,1,1,1,3,1,1,3,3,1,3,1,2
886,1236a,1236b,1,3,0,1,3,2,2,0,3,2,3,4,1,0,2,2,1,0,2
887,1120a,1120b,1,2,1,1,3,2,2,0,2,2,1,1,1,0,2,2,0,2,2
888,1417a,0517b,0,1,1,0,0,2,3,1,3,2,3,0,1,3,0,1,0,3,2
889,1180b,0380a,0,1,1,1,0,2,2,1,1,1,1,4,1,3,2,2,3,1,2
890,0592b,1517c,0,1,2,1,1,2,2,0,2,2,3,0,1,0,2,2,1,4,2
891,0570c,1196a,0,3,4,1,1,2,2,0,1,2,0,1,1,3,2,2,2,1,1
892,1538a,1538b,1,1,1,1,3,2,3,1,2,1,2,2,1,3,0,2,0,1,1
893,1545a,1545b,1,0,1,1,0,2,2,1,2,2,2,1,1,0,0,2,0,1,2
894,0491b,0491a,1,2,1,1,0,2,1,1,0,2,2,1,1,1,2,1,0,2,1
895,1237a,1237c,1,2,1,0,1,2,2,0,1,2,2,1,0,2,2,2,0,1,2
896,1201a,1220b,0,0,1,1,0,2,2,2,3,2,0,1,1,1,2,3,1,2,1
897,1209c,1198a,0,2,1,1,3,2,3,3,4,2,3,0,2,4,2,2,0,4,2
898,1307b,0302c,0,3,4,1,0,2,3,1,1,2,3,1,0,2,2,3,0,3,2
899,1494b,1494c,1,2,1,1,0,2,1,1,4,2,3,4,1,3,2,3,3,3,2
900,0366a,0366b,1,2,4,1,3,2,2,0,3,2,3,1,2,4,3,2,0,2,2
901,0507b,0507c,1,0,1,1,3,2,1,1,4,2,3,4,1,1,2,1,0,1,2
902,1512b,1512c,1,2,0,1,0,2,2,0,0,2,2,1,1,1,2,2,1,3,2
903,0363b,0916a,0,1,1,1,1,2,1,0,1,1,1,1,1,0,0,2,2,1,1
904,1533b,1533a,1,1,0,1,0,2,3,0,4,2,3,3,0,3,2,2,0,3,2
905,1119b,1119c,1,1,1,1,3,2,3,0,1,2,2,1,1,3,2,2,1,2,1
906,1171b,1086c,0,2,4,1,3,2,1,1,3,2,2,1,1,1,0,1,1,2,1
907,0866c,0455c,0,3,0,1,0,0,2,2,2,1,3,1,1,3,3,1,3,1,2
908,0535a,0535b,1,2,4,1,1,2,2,2,1,1,0,0,1,2,2,2,1,4,2
909,0458a,0600a,0,2,1,1,0,2,2,1,0,2,2,1,1,0,2,1,0,3,2
910,1257b,1257a,1,3,4,1,0,2,2,0,3,2,2,1,1,2,2,1,0,3,2
911,1488a,1488c,1,1,1,1,0,2,3,0,0,2,3,0,1,0,2,2,0,1,2
912,1197a,1197c,1,1,4,1,3,0,2,1,0,2,1,2,1,0,0,2,0,4,2
913,1124c,1086c,0,3,1,1,0,2,0,1,2,2,2,1,1,1,0,1,1,2,1
914,1497a,1538c,0,0,4,1,0,2,2,1,3,2,0,2,1,0,2,1,1,0,2
915,0352c,1500a,0,3,4,1,1,2,3,1,3,2,3,4,1,4,2,3,1,3,2
916,1196a,1196b,1,0,1,1,3,2,2,2,1,1,0,2,1,0,2,2,1,2,1
917,1421a,1421b,1,1,0,1,0,2,2,3,3,2,3,1,1,3,2,2,2,2,1
918,1363c,1271a,0,0,1,0,1,0,2,0,1,1,1,1,1,2,0,1,1,4,1
919,1230a,1230b,1,0,1,1,0,2,2,0,3,2,1,1,0,3,2,2,1,3,2
920,1551a,1194b,0,0,1,1,0,2,2,3,3,2,2,4,0,1,2,2,0,1,2
921,1260a,1260b,1,0,1,1,1,2,2,0,4,2,2,1,1,1,2,1,1,0,2
922,1227a,0596a,0,1,1,1,3,2,1,0,1,2,2,0,1,3,2,2,1,3,2
923,1348c,0416a,0,1,3,1,1,2,2,2,0,1,1,1,2,4,3,2,1,1,1
924,0434b,0434c,1,1,4,1,0,2,2,0,0,2,0,1,0,2,2,3,0,3,2
925,0319a,0319c,1,2,4,1,0,2,3,1,2,2,2,0,0,0,2,2,0,2,2
926,0350c,0350a,1,2,0,1,0,1,1,0,2,2,3,2,1,0,1,2,1,3,2
927,0327b,0327a,1,0,1,1,1,1,2,0,3,2,3,1,1,1,2,0,0,4,2
928,0354b,0354a,1,3,1,1,0,2,3,1,4,2,2,1,1,4,2,1,0,4,2
929,1565b,1565c,1,2,1,1,3,0,2,0,2,2,2,1,1,0,2,2,2,2,2
930,1465b,1465c,1,0,1,1,1,2,1,1,2,2,1,2,0,2,2,2,0,2,2
931,1432c,1257a,0,2,2,1,0,2,2,0,2,2,2,1,1,2,2,1,0,3,2
932,1129c,1129a,1,1,2,1,3,2,2,0,2,2,3,1,1,0,2,2,3,1,2
933,1314a,0352c,0,1,1,1,1,2,1,0,4,2,3,4,1,1,2,3,1,3,2
934,1446a,1237a,0,1,1,1,3,2,2,1,2,2,2,1,0,1,2,2,0,1,2
935,0368b,0368c,1,3,0,1,3,0,2,1,2,2,3,1,0,2,2,3,2,2,2
936,1432a,1432b,1,2,4,1,0,2,1,0,1,2,3,1,1,0,1,2,1,4,2
937,0593a,0593b,1,3,1,1,0,2,2,3,0,2,3,4,1,0,2,2,3,3,2
938,1227a,1227b,1,1,1,1,3,2,1,0,1,2,3,1,1,3,2,1,0,4,2
939,0315b,0315a,1,2,1,0,2,2,1,1,3,2,2,4,0,2,2,3,0,3,2
940,0520a,1358a,0,2,4,1,0,2,1,3,3,2,2,1,1,1,1,2,0,4,2
941,1502b,1039c,0,3,4,1,3,2,2,0,4,2,2,4,1,0,2,2,3,1,2
942,0587b,1198b,0,0,1,1,0,2,1,1,0,1,1,0,1,3,2,0,2,2,1
943,1090a,0354c,0,2,0,1,1,2,1,0,1,1,1,0,0,1,0,1,3,2,2
944,1495a,0923c,0,2,1,0,3,2,1,0,3,2,1,1,1,2,2,3,0,4,2
945,1361b,1361a,1,1,0,1,3,2,2,0,4,2,1,4,1,0,0,2,3,3,2
946,0537a,0916a,0,3,1,1,3,2,2,2,1,2,1,1,1,0,0,2,2,1,1
947,0372b,1363a,0,1,1,1,3,1,2,1,2,2,0,0,1,1,2,3,2,3,2
948,0333b,1197a,0,2,1,1,0,2,3,1,1,2,1,4,1,3,0,2,1,0,2
949,1099c,1057b,0,2,4,0,2,2,2,0,3,2,1,0,0,2,0,2,1,0,1
950,0374b,0474c,0,1,4,1,3,2,2,0,1,2,3,4,1,0,2,2,3,1,2
951,0579a,1461c,0,1,0,1,3,2,2,0,1,2,2,4,1,3,2,1,0,3,2
952,1344a,1344b,1,1,1,1,0,2,3,0,3,2,3,4,1,3,2,2,0,2,2
953,1363b,1363c,1,0,1,1,1,0,2,0,2,1,0,1,0,1,0,2,0,1,1
954,1358a,1358c,1,2,1,1,1,1,2,0,4,2,3,4,1,1,2,3,1,1,2
955,1477b,1477c,1,1,1,1,1,0,2,0,1,1,3,1,1,2,2,2,1,0,1
956,1267a,1267b,1,2,1,1,0,2,2,2,2,1,2,2,1,2,2,2,0,1,2
957,1165b,0311a,0,0,1,1,2,2,2,1,2,2,1,2,1,1,2,1,3,3,2
958,0307c,0517b,0,1,1,1,1,2,2,2,3,2,3,0,1,3,0,1,0,3,2
959,0324b,0324c,1,0,1,1,3,0,2,1,1,1,1,1,0,4,2,2,0,3,2
960,0381b,0381c,1,3,1,1,0,2,3,0,4,2,1,4,1,3,2,3,0,2,2
961,1516a,0532b,0,2,0,1,0,2,2,1,1,2,2,1,1,3,0,2,0,1,1
962,1495a,0496a,0,2,1,0,3,2,1,0,3,2,3,4,1,0,2,3,1,2,2
963,0489b,0489a,1,1,0,1,0,2,3,3,4,2,1,4,2,0,2,3,1,2,2
964,0464a,0344c,0,1,0,1,3,2,3,1,0,2,1,1,0,2,2,2,1,0,2
965,1282c,0549b,0,1,1,2,3,2,2,1,2,2,0,1,0,2,2,3,3,4,2
966,0550c,0440c,0,2,0,1,1,2,2,0,4,2,3,4,1,0,2,1,0,4,2
967,1394c,1394b,1,3,2,1,0,2,2,3,2,1,3,1,0,1,2,1,1,3,2
968,1366a,1197c,0,3,1,1,0,2,1,1,1,2,1,2,1,0,0,2,0,4,2
969,0363c,0363a,1,1,1,1,0,2,2,3,0,2,0,0,1,1,2,2,1,1,2
970,0353b,0353c,1,2,1,1,1,2,1,1,2,1,1,2,1,1,2,3,0,1,2
971,1447a,1447b,1,2,1,1,3,2,1,1,0,2,1,4,1,0,2,2,2,1,1
972,0570c,0322b,0,3,4,1,1,2,2,0,1,2,1,1,1,3,1,2,0,1,2
973,1382c,1382b,1,2,2,1,0,2,2,0,1,2,2,1,1,0,0,2,0,0,2
974,1259a,1259c,1,1,4,0,0,2,3,1,3,2,0,1,1,0,0,2,2,1,1
975,0405a,0405b,1,3,0,1,0,2,3,1,2,1,1,0,1,4,0,2,0,1,2
976,1416a,1181a,0,1,1,1,3,2,1,0,4,2,1,0,1,0,2,1,0,2,2
977,1127a,1127b,1,1,1,1,3,2,2,1,3,2,3,1,1,0,2,2,1,0,2
978,0429a,1307b,0,2,0,1,3,2,3,0,4,2,3,4,1,0,2,3,1,1,2
979,1335a,1207c,0,2,1,1,0,2,3,0,1,2,3,1,1,1,2,2,1,2,1
980,1091b,1091c,1,1,1,1,0,2,2,2,1,1,2,4,0,2,2,2,0,2,2
981,0340a,0340b,1,3,0,1,0,2,3,1,2,2,1,4,1,1,2,1,0,3,2
982,1180c,0473a,0,2,4,1,0,2,3,0,3,2,1,2,1,0,0,2,1,1,2
983,1240b,0594c,0,1,1,1,1,0,1,0,3,2,0,4,2,4,2,2,0,3,2
984,1181a,0352c,0,1,0,1,0,2,1,0,2,2,3,4,1,1,2,3,1,3,2
985,0475a,0327b,0,0,1,1,2,2,2,1,4,2,0,1,1,1,1,2,0,3,2
986,0413a,0413b,1,1,1,1,1,2,3,0,1,1,1,1,1,3,0,1,2,2,1
987,1447a,1391a,0,2,1,1,3,2,1,1,0,2,3,4,1,3,2,3,0,3,2
988,0584a,0584c,1,1,1,1,1,2,2,0,0,2,0,1,1,0,2,2,0,1,2
989,1516a,1208b,0,2,0,1,0,2,2,1,1,2,1,0,1,0,2,1,0,1,1
990,1490c,1495a,0,0,1,1,3,2,2,0,2,2,2,1,0,3,2,1,0,3,2
991,0587a,1098a,0,1,1,1,2,2,2,2,0,2,0,1,0,1,0,1,1,1,1
992,0405a,0463a,0,3,0,1,0,2,3,1,2,1,1,1,1,0,0,3,3,4,2
993,0472a,1477c,0,3,1,1,3,2,3,0,0,2,3,1,1,2,2,2,1,0,1
994,1129c,1129b,1,1,2,1,3,2,2,0,2,2,3,1,1,0,2,2,1,4,1
995,1445b,1445c,1,2,1,1,2,2,2,0,0,2,2,1,1,0,2,3,0,0,2
996,1454b,1543b,0,2,1,1,3,2,2,1,0,2,2,1,1,2,2,2,1,0,2
997,1543a,1543c,1,3,1,1,0,2,2,0,4,2,1,1,1,1,2,2,0,2,1
998,1552a,1552b,1,3,0,1,1,2,2,1,1,2,2,1,1,3,2,1,1,1,1
999,0367a,0367b,1,2,1,1,0,2,2,0,4,2,1,1,1,0,2,2,1,2,2
1000,0318c,1090a,0,3,2,1,3,2,2,0,4,2,2,0,1,1,2,1,0,1,1
1001,0419a,0496e,0,0,1,1,1,2,2,0,1,2,2,1,0,1,2,3,0,2,2
1002,1178a,1178c,1,3,4,1,3,0,2,0,3,2,2,4,1,3,0,2,1,0,2
1003,1495a,0448b,0,2,1,0,3,2,1,0,3,2,2,2,1,0,0,2,3,2,1
1004,0456b,0456c,1,0,1,1,1,2,2,0,1,1,2,2,1,0,2,3,0,3,2
1005,1409a,1394c,0,3,4,1,3,0,2,0,4,2,3,2,1,0,2,2,3,2,1
1006,0885c,1557a,0,2,1,1,0,1,3,0,0,2,2,1,2,3,3,2,0,1,2
1007,0445c,1392a,0,2,4,1,3,0,2,0,4,2,2,4,1,1,0,2,3,2,1
1008,0491b,0491c,1,2,1,1,0,2,1,1,0,2,2,2,1,0,2,2,0,4,2
1009,1458b,1458c,1,1,1,1,0,2,2,1,2,1,1,4,1,3,2,2,0,0,2
1010,1414b,1414c,1,0,4,0,0,0,1,1,1,1,1,0,1,1,3,1,1,2,1
1011,1468a,1468c,1,1,1,1,2,2,2,0,0,2,1,2,1,3,2,2,0,4,2
1012,1221c,0351a,0,2,1,1,0,2,0,0,3,2,1,2,0,0,2,2,0,3,2
1013,1220b,0368c,0,0,1,1,1,2,3,1,2,1,3,1,0,2,2,3,2,2,2
1014,0550c,0348b,0,2,0,1,1,2,2,0,4,2,1,1,1,1,0,1,0,2,1
1015,1517a,1517b,1,2,1,1,1,2,2,0,2,2,1,1,1,3,2,2,0,3,2
1016,1286a,1196c,0,1,2,1,3,2,1,1,3,2,1,1,1,1,2,3,3,3,2
1017,0307a,0307c,1,2,0,1,3,2,2,0,4,2,1,1,1,1,2,2,2,3,2
1018,0546c,1064c,0,2,0,1,3,2,1,3,1,2,1,4,1,1,0,2,2,1,1
1019,1455a,1455b,1,3,1,1,0,2,2,1,2,2,2,1,1,1,2,2,0,0,2
1020,1521a,1508b,0,2,2,1,0,2,2,1,1,2,1,1,1,0,2,1,1,0,1
1021,1107c,1240c,0,0,2,1,3,2,2,1,0,2,2,1,0,0,2,3,1,1,2
1022,1134a,1231c,0,2,0,1,3,2,2,1,0,2,1,4,1,3,2,2,1,3,2
1023,0337b,0873b,0,3,4,1,3,2,2,3,4,2,3,0,2,3,0,2,0,3,2
1024,1565b,1471b,0,2,1,1,3,0,2,0,2,2,1,0,1,0,2,2,0,4,2
1025,1429b,0328a,0,2,1,1,0,0,2,0,1,1,3,1,0,2,2,3,0,2,2
1026,0496f,0496e,1,2,4,1,0,2,2,1,2,2,2,1,0,1,2,3,0,2,2
1027,1448a,0521b,0,2,1,1,0,2,1,0,0,1,1,1,1,0,1,1,0,0,2
1028,1350a,1350c,1,3,1,1,0,2,3,1,2,1,1,4,1,3,0,1,2,1,1
1029,1267b,0456a,0,2,2,1,2,2,2,0,1,2,2,1,0,2,2,2,0,3,2
1030,0351c,1498a,0,1,0,1,0,2,2,1,2,2,0,1,1,1,2,2,1,2,2
1031,0432a,0483b,0,3,0,1,3,2,2,1,2,2,1,1,1,0,0,3,1,2,1
1032,1341a,1086b,0,0,2,1,0,2,2,0,2,2,0,1,1,1,2,2,1,0,1
1033,1236a,1236c,1,3,0,1,3,2,2,0,3,2,1,1,1,1,2,3,0,1,2
1034,0301b,0546b,0,1,1,1,2,2,3,0,0,2,3,1,1,3,1,3,0,1,2
1035,0419a,1260b,0,0,1,1,1,2,2,0,1,2,2,1,1,1,2,1,1,0,2
1036,1375b,1375a,1,1,4,1,3,2,2,0,3,2,1,0,1,1,2,2,0,3,2
1037,0539a,1538a,0,2,4,1,3,2,2,1,2,2,1,1,1,3,2,3,1,2,1
1038,0373b,1091c,0,2,1,1,1,2,1,0,0,1,2,4,0,2,2,2,0,2,2
1039,1508b,0587b,0,1,1,1,0,2,1,1,0,1,0,1,1,0,2,1,1,0,1
1040,0536b,1152c,0,1,0,1,2,2,2,0,3,2,0,0,1,1,2,1,1,1,1
1041,1039c,1039a,1,2,4,1,0,2,2,3,1,2,3,1,0,0,0,3,1,0,2
1042,1489a,1489b,1,1,1,1,3,2,2,0,0,2,2,1,1,3,2,2,1,2,2
1043,0411a,0431c,0,3,1,1,0,2,1,1,4,2,2,0,1,0,2,2,2,3,2
1044,0503a,0503b,1,2,1,1,0,2,3,0,2,2,2,1,1,1,2,2,1,1,2
1045,0911b,1312a,0,1,3,1,1,2,2,2,1,1,1,2,0,2,0,2,1,2,1
1046,1137b,1144c,0,3,1,1,3,2,1,0,0,2,1,1,1,2,2,1,0,0,2
1047,0539b,0539c,1,3,1,1,0,0,2,0,2,2,2,1,1,0,2,2,3,0,2
1048,0577a,0577b,1,2,1,1,0,2,2,0,1,2,2,1,0,3,2,2,1,2,2
1049,1442a,1442c,1,3,2,1,0,2,2,0,1,2,1,1,1,0,0,2,0,2,1
1050,0373a,0373c,1,3,0,1,0,0,2,0,2,2,3,0,1,3,2,3,1,4,2
1051,1447a,1447c,1,2,1,1,3,2,1,1,0,2,1,1,0,1,2,2,2,2,2
1052,0314a,1259b,0,1,1,1,0,2,1,2,1,1,1,0,1,3,2,1,2,2,1
1053,0340b,0340c,1,1,4,1,1,2,1,0,3,2,1,0,1,1,2,1,0,3,2
1054,0350c,0911c,0,2,0,1,0,1,1,0,2,2,2,4,2,3,2,3,3,2,2
1055,0328b,1123a,0,0,2,1,1,2,3,0,3,2,2,1,2,1,0,1,1,2,1
1056,0496f,1471b,0,2,4,1,0,2,2,1,2,2,1,0,1,0,2,2,0,4,2
1057,0496d,0496e,1,2,1,1,1,2,2,0,1,1,2,1,0,1,2,3,0,2,2
1058,1446a,1528c,0,1,1,1,3,2,2,1,2,2,0,1,1,3,2,2,0,0,2
1059,1531c,1196c,0,3,1,1,0,2,3,1,2,2,1,1,1,1,2,3,3,3,2
1060,1402a,1402b,1,2,1,1,1,2,1,0,3,2,1,2,1,3,0,2,1,3,2
1061,1234b,1234c,1,3,0,1,1,2,3,0,4,2,2,1,0,2,2,3,0,2,2
1062,1194a,1194b,1,3,1,1,1,2,1,1,2,1,2,4,0,1,2,2,0,1,2
1063,1430a,1430b,1,2,1,1,0,2,3,3,3,2,1,1,1,1,1,2,0,3,2
1064,0375a,1443c,0,3,0,1,3,2,2,0,4,2,0,1,1,1,2,1,1,2,1
1065,0440c,0440b,1,3,4,1,0,2,1,0,4,2,2,1,1,2,0,2,1,0,1
1066,1534c,0492b,0,3,1,1,0,2,1,0,3,2,2,0,1,0,2,1,1,3,2
1067,0458a,0458b,1,2,1,1,0,2,2,1,0,2,3,2,1,3,2,2,1,3,2
1068,0492a,0492c,1,3,4,1,1,2,2,0,4,2,2,0,1,1,2,1,0,1,2
1069,0460b,1197b,0,1,4,0,0,2,3,3,3,2,0,0,1,4,2,3,0,4,2
1070,1335a,1309b,0,2,1,1,0,2,3,0,1,2,2,2,1,3,2,2,0,0,2
1071,0314a,0323b,0,1,1,1,0,2,1,2,1,1,3,0,0,1,0,3,1,1,1
1072,1153b,1449c,0,0,4,1,3,2,2,1,2,2,1,1,1,0,0,3,2,2,1
1073,0336a,0336c,1,1,2,1,3,2,2,1,3,2,3,2,1,2,2,2,0,1,1
1074,1549c,1408b,0,0,2,1,3,2,2,1,4,2,1,1,0,1,0,3,0,2,1
1075,1284a,1144b,0,2,1,1,0,2,2,1,4,2,1,2,1,0,2,2,1,2,2
1076,1417a,1259c,0,1,1,0,0,2,3,1,3,2,0,1,1,0,0,2,2,1,1
1077,0550c,1328a,0,2,0,1,1,2,2,0,4,2,3,1,1,2,2,3,0,0,2
1078,0318b,0525a,0,1,2,1,0,0,2,0,0,2,1,2,1,3,2,1,1,1,1
1079,1455a,1455c,1,3,1,1,0,2,2,1,2,2,2,1,1,3,2,2,1,3,2
1080,1334a,1334c,1,3,1,1,0,2,3,0,2,2,3,4,1,3,2,3,1,2,2
1081,1137a,0451c,0,1,1,1,0,2,1,0,1,2,1,0,1,1,2,2,0,2,1
1082,1453a,1453c,1,1,1,1,3,2,2,0,4,2,2,1,1,0,2,2,0,2,1
1083,1358b,1358c,1,3,4,0,1,2,2,0,1,2,3,4,1,1,2,3,1,1,2
1084,0472a,1181a,0,3,1,1,3,2,3,0,0,2,1,0,1,0,2,1,0,2,2
1085,0348a,0348b,1,3,0,1,0,2,1,0,4,2,1,1,1,1,0,1,0,2,1
1086,0353b,0525b,0,2,1,1,1,2,1,1,2,1,2,3,0,0,2,2,0,3,2
1087,0359a,1307a,0,2,1,1,0,2,2,0,2,2,1,1,1,3,2,2,0,1,1
1088,0338b,0338a,1,2,1,1,3,2,1,0,3,2,2,4,1,0,2,3,0,1,2
1089,1471b,1411b,0,1,0,1,0,2,2,0,4,2,3,1,1,3,2,3,1,1,2
1090,1252b,1252c,1,2,2,1,3,2,2,1,1,2,1,2,1,0,2,2,1,1,1
1091,0374c,1468b,0,2,1,1,3,2,2,3,0,2,3,1,1,2,2,2,1,3,2
1092,0538a,0538b,1,2,1,0,3,2,2,1,4,2,1,1,1,3,2,1,2,1,2
1093,0550b,0333a,0,3,0,1,0,2,2,0,4,2,2,1,1,3,2,1,2,0,1
1094,0514c,0540a,0,3,1,0,2,2,2,0,1,2,3,3,1,1,2,3,0,3,2
1095,0354a,0555a,0,2,1,1,4,2,1,0,4,2,1,4,0,2,0,2,3,4,1
1096,1496a,1496c,1,2,4,1,1,2,1,0,4,2,2,1,1,1,0,2,2,2,1
1097,1368b,1368c,1,3,1,1,1,2,2,3,4,2,2,1,1,3,0,1,2,0,1
1098,0314b,1087a,0,0,0,1,0,2,2,0,2,2,1,2,1,1,2,1,0,2,1
1099,0927b,0927c,1,1,4,1,1,2,3,1,1,2,2,1,0,2,2,1,0,1,2
1100,0405c,0525b,0,1,0,1,1,2,2,1,2,1,2,3,0,0,2,2,0,3,2
1101,0354b,1262a,0,3,1,1,0,2,3,1,4,2,2,4,1,3,2,3,0,4,2
1102,1393a,1393c,1,2,4,1,0,2,2,0,4,2,1,4,1,0,2,2,1,2,2
1103,0373b,0373c,1,2,1,1,1,2,1,0,0,1,3,0,1,3,2,3,1,4,2
1104,1451a,1451b,1,1,4,1,3,2,2,0,4,2,3,1,1,3,2,3,3,3,2
1105,0859a,0358b,0,2,0,1,3,2,0,0,3,2,0,2,1,0,1,2,1,2,2
1106,0432a,1307b,0,3,0,1,3,2,2,1,2,2,3,4,1,0,2,3,1,1,2
1107,1153a,0515a,0,0,1,1,1,2,2,0,0,2,1,1,1,3,2,2,2,2,1
1108,1219b,0318b,0,2,0,1,0,2,1,0,3,2,1,2,1,0,0,2,0,0,2
1109,0539a,0539b,1,2,4,1,3,2,2,1,2,2,3,1,1,0,0,2,0,2,2
1110,0492a,1323a,0,3,4,1,1,2,2,0,4,2,2,0,1,1,2,3,2,3,2
1111,0419a,0550b,0,0,1,1,1,2,2,0,1,2,3,0,1,0,2,2,0,4,2
1112,0368b,1485b,0,3,0,1,3,0,2,1,2,2,0,1,1,3,2,1,1,2,1
1113,0349b,0551a,0,0,1,1,3,2,2,3,1,2,2,1,1,1,2,0,1,3,2
1114,1329a,1329c,1,1,1,1,3,2,1,1,3,2,0,1,1,0,2,2,3,0,2
1115,1219a,1513a,0,3,1,1,1,2,1,0,0,2,2,0,1,3,2,3,0,3,2
1116,0347a,0347b,1,2,4,1,3,0,3,1,4,1,1,1,0,0,0,2,2,0,1
1117,1489a,1545c,0,1,1,1,3,2,2,0,0,2,2,1,1,3,2,3,0,1,2
1118,0354b,1377c,0,3,1,1,0,2,3,1,4,2,2,1,0,2,2,3,0,3,2
1119,1260a,1260c,1,0,1,1,1,2,2,0,4,2,3,2,1,0,2,2,1,1,2
1120,0521a,0521b,1,2,1,1,1,2,1,3,0,2,1,1,1,0,1,1,0,0,2
1121,1565a,1329c,0,2,4,1,3,2,2,0,1,2,0,1,1,0,2,2,3,0,2
1122,0434b,0544b,0,1,4,1,0,2,2,0,0,2,2,1,1,3,2,3,0,0,2
1123,1460a,1460b,1,2,1,1,1,0,2,0,0,2,2,2,1,3,2,2,1,3,2
1124,1382a,0923c,0,2,0,1,0,2,2,1,3,2,1,1,1,2,2,3,0,4,2
1125,1222a,1083a,0,2,1,0,2,2,1,0,3,2,0,4,2,4,2,3,1,1,1
1126,0421c,1465c,0,1,0,1,1,2,2,1,1,1,1,2,0,2,2,2,0,2,2
1127,0472b,1458a,0,2,1,1,0,2,1,1,2,2,0,1,1,3,2,2,1,1,2
1128,1497a,1497c,1,0,4,1,0,2,2,1,3,2,2,0,1,3,2,2,3,4,2
1129,0403c,0403a,1,1,0,0,0,2,2,0,3,2,2,0,2,1,0,1,0,1,1
1130,1120a,1493a,0,2,1,1,3,2,2,0,2,2,2,1,1,0,1,2,0,3,2
1131,0489c,0489a,1,1,1,1,1,2,2,1,2,1,1,4,2,0,2,3,1,2,2
1132,0440c,1212c,0,3,4,1,0,2,1,0,4,2,2,0,1,0,0,2,2,2,1
1133,0477a,0461a,0,2,1,1,1,2,1,0,0,2,3,1,1,3,0,2,0,0,2
1134,0570c,1257a,0,3,4,1,1,2,2,0,1,2,2,1,1,2,2,1,0,3,2
1135,1329c,0386a,0,0,1,1,0,2,2,3,0,2,1,2,1,0,0,2,3,0,2
1136,1231b,1231c,1,0,0,1,0,2,2,0,1,2,1,4,1,3,2,2,1,3,2
1137,1426c,1426a,1,1,0,1,0,2,3,1,2,2,2,0,1,1,2,2,1,2,1
1138,0363c,1167a,0,1,1,1,0,2,2,3,0,2,0,2,1,0,2,2,0,4,2
1139,1475b,1360a,0,3,1,0,3,2,2,0,3,2,3,1,0,2,2,2,0,2,2
1140,1443c,0355b,0,0,1,1,1,2,1,1,2,1,1,4,1,0,0,2,1,1,1
1141,1391c,1391a,1,2,1,1,0,2,2,1,1,2,3,4,1,3,2,3,0,3,2
1142,1257c,1257a,1,0,1,1,3,2,2,0,4,2,2,1,1,2,2,1,0,3,2
1143,0584b,0584c,1,2,1,1,1,2,2,1,2,2,0,1,1,0,2,2,0,1,2
1144,0363c,1552a,0,1,1,1,0,2,2,3,0,2,3,0,1,1,2,2,1,1,2
1145,1253c,0431a,0,2,0,0,2,2,2,0,0,2,3,2,1,3,1,2,3,2,2
1146,0429b,0429a,1,1,1,1,3,2,3,1,4,2,2,0,1,3,2,3,0,4,2
1147,1181b,1259a,0,2,1,0,2,2,1,1,0,2,1,4,0,0,2,3,1,3,2
1148,1363a,1363c,1,0,0,1,1,2,3,2,3,2,0,1,0,1,0,2,0,1,1
1149,1386a,1386b,1,1,1,1,0,2,2,0,3,2,3,1,1,0,2,2,0,1,2
1150,1495a,1495b,1,2,1,0,3,2,1,0,3,2,1,1,1,2,2,1,1,0,2
1151,1430a,1430c,1,2,1,1,0,2,3,3,3,2,0,0,1,3,2,3,0,3,2
1152,0911b,0911c,1,1,3,1,1,2,2,2,1,1,2,4,2,3,2,3,3,2,2
1153,1513b,1513a,1,2,0,1,3,2,3,0,2,2,2,0,1,3,2,3,0,3,2
1154,1422a,1140a,0,3,4,0,3,0,2,1,3,2,3,4,0,2,2,1,1,3,2
1155,1534c,1534a,1,3,1,1,0,2,1,0,3,2,2,1,1,1,2,3,1,3,2
1156,1180a,1180b,1,2,1,1,2,2,2,1,1,2,1,1,1,0,2,2,1,1,1
1157,1222c,1391a,0,0,1,1,0,2,2,1,2,1,3,4,1,3,2,3,0,3,2
1158,1367b,1367c,1,1,1,0,1,2,1,0,3,2,1,1,1,3,2,0,0,3,2
1159,1123c,1123b,1,3,4,1,3,2,2,1,4,2,0,2,1,0,2,2,1,1,2
1160,0318b,0351a,0,1,2,1,0,0,2,0,0,2,1,2,0,0,2,2,0,3,2
1161,1486a,0301b,0,1,0,1,0,2,2,0,1,2,1,1,1,2,2,3,0,0,2
1162,0593b,0593c,1,3,4,1,0,2,2,3,3,2,1,1,1,1,2,3,0,0,1
1163,0593a,0593c,1,3,1,1,0,2,2,3,0,2,1,1,1,1,2,3,0,0,1
1164,0338c,0324c,0,0,1,1,3,2,2,1,2,1,1,1,0,4,2,2,0,3,2
1165,1255a,1255c,1,1,1,1,0,2,2,1,0,1,2,1,1,0,1,2,0,2,2
1166,1512b,1207c,0,2,0,1,0,2,2,0,0,2,3,1,1,1,2,2,1,2,1
1167,1140c,0535a,0,2,4,1,2,2,1,0,1,2,2,4,1,1,2,2,2,1,1
1168,1237b,1237c,1,3,0,1,1,2,2,0,0,2,2,1,0,2,2,2,0,1,2
1169,1135b,1495a,0,3,1,1,0,2,3,1,1,2,2,1,0,3,2,1,0,3,2
1170,1370a,1417c,0,2,1,1,3,0,2,0,1,2,1,1,1,3,2,2,1,2,1
1171,1149a,1149c,1,1,1,1,0,2,3,1,1,2,1,1,1,3,2,1,3,3,2
1172,1441a,1441b,1,1,1,1,1,2,2,2,1,2,2,0,1,0,0,2,0,2,2
1173,1451c,1504a,0,0,0,1,0,2,2,0,0,2,1,0,1,1,2,1,3,0,2
1174,0375a,0375b,1,3,0,1,3,2,2,0,4,2,1,3,0,1,0,2,0,2,1
1175,1496c,0401b,0,2,1,1,1,0,2,2,2,1,2,0,2,3,2,3,3,2,2
1176,1364c,1294b,0,2,2,1,0,2,2,1,3,2,1,1,1,0,2,0,0,3,2
1177,1365a,0340c,0,3,4,1,3,2,1,0,3,2,1,0,1,1,2,1,0,3,2
1178,1360a,1511b,0,3,1,0,2,2,2,0,2,2,0,1,0,2,2,2,0,2,2
1179,1121a,1268b,0,2,1,1,3,2,2,0,1,2,1,1,1,0,2,2,1,3,1
1180,1344b,1344c,1,3,4,1,3,2,2,0,2,2,3,1,1,3,2,2,1,4,2
1181,0535b,0453c,0,0,0,1,2,2,2,1,4,2,1,1,1,2,0,1,1,2,1
1182,1373a,1477b,0,3,4,1,3,2,2,2,1,2,1,1,1,1,0,2,0,1,1
1183,0560a,0536b,0,2,4,1,0,0,2,0,3,2,1,0,1,2,2,2,0,3,2
1184,1391b,1391a,1,3,4,1,0,2,2,1,4,2,3,4,1,3,2,3,0,3,2
1185,0456b,1408b,0,0,1,1,1,2,2,0,1,1,1,1,0,1,0,3,0,2,1
1186,1091c,1091a,1,2,4,0,2,2,2,0,2,2,3,1,2,4,2,2,3,4,2
1187,1454b,1454a,1,2,1,1,3,2,2,1,0,2,2,4,1,3,2,2,1,1,2
1188,1547a,1547c,1,2,4,1,1,2,1,0,2,2,2,0,1,3,2,3,0,0,2
1189,0575c,1219b,0,2,1,1,1,2,3,0,0,2,2,0,1,0,2,1,0,3,2
1190,0316b,0316a,1,2,1,1,3,2,2,2,4,2,2,1,2,3,2,3,1,2,2
1191,1178b,1178c,1,3,0,1,3,2,2,3,1,2,2,4,1,3,0,2,1,0,2
1192,0422a,0381c,0,1,1,1,0,2,1,0,0,2,1,4,1,3,2,3,0,2,2
1193,1248a,1248b,1,2,1,1,3,2,2,1,4,2,3,1,1,1,2,2,0,0,2
1194,0380a,0380b,1,1,4,1,3,2,2,3,1,2,1,3,2,3,3,2,0,2,2
1195,1176b,1471b,0,1,4,1,1,2,2,0,2,2,1,0,1,0,2,2,0,4,2
1196,0552b,0552c,1,2,0,1,3,2,2,0,0,2,1,2,1,0,2,2,0,2,2
1197,1409b,1409a,1,1,1,1,3,2,3,3,1,2,3,4,1,3,0,2,0,4,2
1198,0440b,0358b,0,2,1,1,2,0,2,1,0,1,0,2,1,0,1,2,1,2,2
1199,0451a,1341c,0,2,1,1,0,2,1,0,0,2,2,1,1,2,2,2,1,4,2
1200,0345a,1485a,0,0,1,1,0,0,2,0,2,2,3,4,1,0,2,2,2,2,2
1201,1513c,0510b,0,1,1,1,0,1,2,1,1,2,0,1,1,3,0,3,3,3,1
1202,0432a,0432c,1,3,0,1,3,2,2,1,2,2,3,1,1,0,2,2,2,0,2
1203,1447a,1472c,0,2,1,1,3,2,1,1,0,2,2,0,1,3,2,2,1,1,2
1204,1531c,0373b,0,3,1,1,0,2,3,1,2,2,2,1,1,1,2,1,0,0,1
1205,0550a,0550b,1,3,4,1,3,2,2,0,0,2,3,0,1,0,2,2,0,4,2
1206,0923a,1240b,0,2,1,1,1,1,2,0,2,2,1,1,1,1,0,1,0,3,2
1207,0552a,0552c,1,2,1,1,0,2,2,1,2,1,1,2,1,0,2,2,0,2,2
1208,1531b,1531c,1,2,1,1,3,2,1,1,3,2,3,1,1,0,2,3,1,2,2
1209,1433a,1433c,1,2,2,1,0,2,2,1,0,2,1,4,1,0,2,2,1,0,2
1210,0336a,1544a,0,1,2,1,3,2,2,1,3,2,3,4,1,0,2,2,3,4,2
1211,1123b,1123a,1,0,2,1,0,2,2,1,1,2,2,1,2,1,0,1,1,2,1
1212,1489a,1489c,1,1,1,1,3,2,2,0,0,2,2,4,1,0,2,2,1,1,2
1213,1446b,1446c,1,1,1,1,1,2,2,0,2,2,3,1,1,3,2,2,0,3,2
1214,1137b,1451b,0,3,1,1,3,2,1,0,0,2,3,1,1,3,2,3,3,3,2
1215,1521a,1521c,1,2,2,1,0,2,2,1,1,2,0,1,1,2,2,2,1,0,2
1216,0521a,0521c,1,2,1,1,1,2,1,3,0,2,3,1,2,1,0,2,1,3,2
1217,1289a,1289c,1,2,1,1,0,2,3,0,3,2,1,1,1,3,2,2,1,4,2
1218,0561a,0561b,1,2,1,1,3,2,1,0,1,2,3,1,1,3,2,2,0,4,2
1219,1307a,1307b,1,1,1,1,3,2,2,0,1,1,3,4,1,0,2,3,1,1,2
1220,1284a,0338b,0,2,1,1,0,2,2,1,4,2,2,1,1,3,2,1,0,3,2
1221,1261b,0515a,0,3,4,1,0,2,2,0,2,2,1,1,1,3,2,2,2,2,1
1222,1554b,1554c,1,2,1,1,1,2,2,1,1,1,3,0,1,3,2,2,1,1,2
1223,1319b,1319c,1,2,4,2,3,2,2,2,1,2,1,0,1,0,2,0,1,4,2
1224,0924a,1323c,0,2,2,1,3,1,2,1,2,2,1,0,1,1,2,2,3,0,1
1225,1230a,1230c,1,0,1,1,0,2,2,0,3,2,2,4,1,3,2,2,0,2,2
1226,1501c,1501a,1,0,1,1,0,0,2,1,2,1,1,3,1,0,2,3,1,3,2
1227,1546b,1546c,1,3,1,1,0,0,3,0,3,2,3,0,1,0,2,1,1,3,2
1228,1398c,1319b,0,2,1,1,0,2,2,2,1,1,2,4,2,3,2,2,2,1,2
1229,1097a,0324c,0,3,2,1,0,2,2,0,4,2,1,1,0,4,2,2,0,3,2
1230,1481a,0532c,0,3,1,1,1,2,2,0,3,2,2,2,1,3,2,3,0,2,2
1231,1538a,1538c,1,1,1,1,3,2,3,1,2,1,0,2,1,0,2,1,1,0,2
1232,0472b,0472a,1,2,1,1,0,2,1,1,2,2,3,1,1,3,2,3,0,0,2
1233,1531c,1531a,1,3,1,1,0,2,3,1,2,2,2,0,1,0,2,3,0,3,2
1234,1491a,1097a,0,3,1,1,0,2,2,1,3,2,3,2,1,0,2,2,0,4,2
1235,0597c,0597a,1,1,4,1,0,2,2,1,1,2,3,4,2,0,2,3,3,1,1
1236,1362a,1268a,0,3,1,1,3,2,2,0,0,2,2,1,1,0,0,2,0,4,2
1237,0445b,0445c,1,1,1,1,3,2,1,1,1,1,2,4,1,3,0,2,0,4,2
1238,0594a,0594b,1,3,2,1,0,2,2,1,4,2,0,0,0,3,2,0,0,3,2
1239,0892a,0352c,0,1,0,1,1,2,3,0,0,2,3,4,1,1,2,3,1,3,2
1240,1468b,0359b,0,3,1,1,2,2,2,1,3,2,3,2,1,0,2,2,3,0,2
1241,1499c,0556a,0,2,0,1,3,0,2,1,3,2,2,1,1,1,0,2,0,4,1
1242,0353c,0347a,0,1,2,1,1,2,3,0,1,2,2,4,1,3,0,3,1,4,1
1243,1127a,1127c,1,1,1,1,3,2,2,1,3,2,2,4,1,0,2,2,0,2,2
1244,0306b,1271a,0,2,1,0,2,2,2,0,2,2,1,1,1,2,0,1,1,4,1
1245,1567b,1429a,0,3,1,0,2,2,2,0,0,2,1,2,1,2,2,2,1,0,1
1246,1391a,0517a,0,3,4,1,3,2,3,0,3,2,3,0,1,0,2,0,1,1,2
1247,1152b,1152c,1,2,1,1,1,2,3,0,3,2,0,0,1,1,2,1,1,1,1
1248,0457c,0457b,1,0,2,1,0,0,2,0,3,2,1,4,0,1,0,2,0,1,1
1249,1167a,0368c,0,0,2,1,0,2,2,0,4,2,3,1,0,2,2,3,2,2,2
1250,0969a,0969c,1,2,2,1,1,2,2,1,2,1,3,4,1,3,2,2,2,3,2
1251,1488a,1488b,1,1,1,1,0,2,3,0,0,2,2,2,1,0,0,2,1,1,1
1252,1134a,1134b,1,2,0,1,3,2,2,1,0,2,3,4,1,1,2,2,0,2,2
1253,0354b,1259c,0,3,1,1,0,2,3,1,4,2,0,1,1,0,0,2,2,1,1
1254,0337b,0337c,1,3,4,1,3,2,2,3,4,2,3,4,1,1,2,1,1,3,2
1255,0411c,0411b,1,2,1,1,3,2,1,0,4,2,1,2,1,1,2,2,0,1,2
1256,1482b,1482a,1,1,1,1,3,2,2,1,0,2,2,4,1,3,2,2,3,1,2
1257,1440c,1440b,1,2,4,1,1,2,3,0,2,2,0,4,0,2,0,2,0,4,1
1258,1510b,1510a,1,1,1,1,0,2,2,1,0,2,1,1,1,0,2,1,0,3,2
1259,1180a,0316b,0,2,1,1,2,2,2,1,1,2,2,1,1,3,2,2,2,4,2
1260,1382b,1382a,1,2,1,1,0,0,2,0,0,2,2,0,1,0,2,2,1,3,2
1261,1255b,1255c,1,1,1,1,1,2,2,1,4,2,2,1,1,0,1,2,0,2,2
1262,1370a,1086b,0,2,1,1,3,0,2,0,1,2,0,1,1,1,2,2,1,0,1
1263,0403c,0525a,0,1,0,0,0,2,2,0,3,2,1,2,1,3,2,1,1,1,1
1264,1343b,1343c,1,2,1,1,0,2,3,1,4,2,0,0,1,1,2,1,0,1,1
1265,0496c,0496e,1,3,4,1,3,2,2,0,1,2,2,1,0,1,2,3,0,2,2
1266,0422a,1393a,0,1,1,1,0,2,1,0,0,2,2,4,1,0,2,2,0,4,2
1267,1517a,1365a,0,2,1,1,1,2,2,0,2,2,3,4,1,3,2,1,0,3,2
1268,1484b,1484c,1,1,1,1,0,2,1,1,2,1,1,1,1,0,0,1,2,2,1
1269,1468a,0576b,0,1,1,1,2,2,2,0,0,2,1,1,1,3,0,2,3,0,2
1270,0488b,0517c,0,2,0,0,0,2,1,0,0,2,1,1,1,3,0,2,3,2,1
1271,0564b,0564c,1,2,2,1,2,0,2,1,1,1,0,1,1,1,1,1,0,3,2
1272,1518a,1547c,0,2,2,1,3,2,2,0,1,2,2,0,1,3,2,3,0,0,2
1273,1391c,1391b,1,2,1,1,0,2,2,1,1,2,3,4,1,0,2,2,1,4,2
1274,1153a,1153c,1,0,1,1,1,2,2,0,0,2,2,1,1,0,1,2,0,1,2
1275,0318c,0530a,0,3,2,1,3,2,2,0,4,2,2,4,1,0,2,3,3,4,2
1276,0381b,0521b,0,3,1,1,0,2,3,0,4,2,1,1,1,0,1,1,0,0,2
1277,1394a,1394c,1,2,1,1,3,2,2,1,1,1,3,2,1,0,2,2,3,2,1
1278,1409b,0525a,0,1,1,1,3,2,3,3,1,2,1,2,1,3,2,1,1,1,1
1279,0459b,1181b,0,2,0,1,0,2,3,1,3,2,2,1,0,2,2,1,1,0,2
1280,1394a,1394b,1,2,1,1,3,2,2,1,1,1,3,1,0,1,2,1,1,3,2
1281,1534b,1534a,1,1,1,1,3,2,2,1,1,2,2,1,1,1,2,3,1,3,2
1282,0301a,1197c,0,1,0,1,0,2,2,1,4,2,1,2,1,0,0,2,0,4,2
1283,1484b,0330a,0,1,1,1,0,2,1,1,2,1,1,0,1,1,2,2,2,1,1
1284,1121a,1121c,1,2,1,1,3,2,2,0,1,2,1,1,1,0,2,2,0,1,2
1285,0569c,0569a,1,1,1,1,0,2,2,3,3,2,1,1,0,2,2,3,0,3,2
1286,1284b,1284c,1,1,1,1,3,0,2,0,1,2,3,1,1,0,2,1,1,2,2
1287,1252a,1252b,1,3,1,1,3,2,3,0,3,2,2,2,1,3,2,2,1,1,2
1288,1461b,1461c,1,2,2,1,0,2,1,0,0,2,2,4,1,3,2,1,0,3,2
1289,1219b,1219c,1,2,0,1,0,2,1,0,3,2,2,4,0,1,2,3,0,1,2
1290,1149a,1409a,0,1,1,1,0,2,3,1,1,2,3,4,1,3,0,2,0,4,2
1291,0496a,0594b,0,3,4,1,0,2,3,1,2,2,0,0,0,3,2,0,0,3,2
1292,1475b,1440c,0,3,1,0,3,2,2,0,3,2,2,4,1,1,2,3,0,2,2
1293,0374b,1393a,0,1,4,1,3,2,2,0,1,2,2,4,1,0,2,2,0,4,2
1294,1375b,1375c,1,1,4,1,3,2,2,0,3,2,3,4,1,0,2,2,0,0,2
1295,1486b,0969a,0,2,0,1,0,2,3,1,4,2,2,2,1,1,2,2,1,2,1
1296,0522b,0522c,1,2,1,0,2,2,2,0,4,2,3,1,2,4,0,2,0,3,2
1297,0307b,0307c,1,3,0,1,0,2,2,1,2,2,1,1,1,1,2,2,2,3,2
1298,0375a,0375c,1,3,0,1,3,2,2,0,4,2,2,4,1,4,2,2,2,1,1
1299,1486a,1486b,1,1,0,1,0,2,2,0,1,2,2,0,1,0,2,3,1,4,2
1300,1174a,1174b,1,1,1,1,1,2,3,0,4,2,2,0,1,3,3,2,1,4,2
1301,1131a,1460b,0,1,1,1,1,2,1,0,0,2,2,2,1,3,2,2,1,3,2
1302,1122a,1494c,0,2,1,1,3,0,1,0,2,1,3,4,1,3,2,3,3,3,2
1303,1134a,1134c,1,2,0,1,3,2,2,1,0,2,2,1,1,0,2,2,3,4,2
1304,1302a,1302c,1,2,1,1,3,2,2,0,0,2,2,1,1,3,2,2,0,3,2
1305,1352b,1352a,1,2,1,1,3,2,2,2,1,2,2,2,1,1,2,2,1,4,2
1306,1482a,1174b,0,2,4,1,3,2,2,3,1,2,2,0,1,3,3,2,1,4,2
1307,1491a,1119a,0,3,1,1,0,2,2,1,3,2,1,1,1,0,0,2,0,1,2
1308,1131a,1131b,1,1,1,1,1,2,1,0,0,2,2,0,1,1,2,2,0,3,2
1309,1521c,0343c,0,0,1,1,2,2,2,1,0,2,1,0,0,2,2,3,1,3,2
1310,1393a,1393b,1,2,4,1,0,2,2,0,4,2,2,1,1,3,0,2,0,3,2
1311,0488b,0488c,1,2,0,0,0,2,1,0,0,2,1,4,0,1,2,2,0,4,2
1312,1222c,1222a,1,0,1,1,0,2,2,1,2,1,2,1,0,2,2,1,0,3,2
1313,0518a,0518c,1,2,1,1,0,0,2,2,1,1,3,4,1,1,2,3,0,4,2
1314,0355c,0355a,1,1,1,1,1,2,1,0,1,2,3,2,1,3,2,3,0,3,2
1315,0456b,0456a,1,0,1,1,1,2,2,0,1,1,2,1,0,2,2,2,0,3,2
1316,1374c,1374a,1,3,0,1,0,2,1,0,3,2,3,2,0,2,2,3,0,4,2
1317,1222c,0386a,0,0,1,1,0,2,2,1,2,1,1,2,1,0,0,2,3,0,2
1318,1483a,1483c,1,2,1,1,3,2,3,0,3,2,1,1,1,1,0,1,0,1,1
1319,0335b,0335c,1,3,4,1,0,2,2,1,1,2,3,1,1,0,2,1,1,3,2
1320,1402a,0349a,0,2,1,1,1,2,1,0,3,2,3,1,1,1,2,1,0,1,2
1321,0576c,0576b,1,2,4,1,1,2,2,0,2,2,1,1,1,3,0,2,3,0,2
1322,0924b,0924c,1,1,0,1,3,0,2,1,0,1,0,1,1,0,2,1,2,1,1
1323,0440a,0571c,0,2,0,0,2,2,2,0,4,2,1,0,1,1,0,1,0,1,1
1324,1119a,0307b,0,1,1,1,0,0,2,0,1,2,3,0,1,0,2,2,1,2,2
1325,1328a,1328b,1,3,1,1,2,2,3,0,0,2,1,2,1,0,2,2,3,2,2
1326,1430a,1504c,0,2,1,1,0,2,3,3,3,2,0,1,1,0,2,1,0,2,1
1327,1309b,1309c,1,2,2,1,3,2,2,0,0,2,1,1,0,1,0,1,0,2,1
1328,1408c,1408a,1,0,1,1,0,0,2,0,2,1,3,1,0,3,2,1,0,3,2
1329,1481a,1481c,1,3,1,1,1,2,2,0,3,2,2,1,1,3,2,1,0,0,2
1330,1409a,1409c,1,3,4,1,3,0,2,0,4,2,0,2,1,0,0,2,1,2,1
1331,1362a,1362c,1,3,1,1,3,2,2,0,0,2,3,0,1,0,2,2,0,2,2
1332,1309a,0600b,0,0,1,1,0,2,2,0,2,2,0,1,1,3,2,2,0,1,2
1333,0584a,0584b,1,1,1,1,1,2,2,0,0,2,2,1,1,1,2,2,1,2,2
1334,0334b,1551b,0,2,0,1,0,2,2,3,1,2,1,1,1,0,2,1,1,1,1
1335,1494a,1494c,1,1,0,1,1,2,2,0,1,2,3,4,1,3,2,3,3,3,2
1336,1508c,1402b,0,1,4,1,1,0,2,0,0,2,1,2,1,3,0,2,1,3,2
1337,0537b,0556b,0,2,1,0,3,0,2,1,4,2,0,2,0,1,0,2,1,1,1
1338,1426b,0597b,0,2,1,1,0,2,1,0,4,2,2,4,1,3,2,3,0,3,2
1339,1303c,1303a,1,3,4,1,0,2,2,0,4,2,3,4,1,0,0,2,0,4,2
1340,0450c,0450b,1,1,1,0,0,0,1,0,1,1,1,2,0,1,0,2,0,2,1
1341,0544a,0544c,1,0,1,1,0,2,2,0,1,1,1,4,1,3,2,2,2,0,1
1342,1451c,1451b,1,0,0,1,0,2,2,0,0,2,3,1,1,3,2,3,3,3,2
1343,0547a,1430c,0,2,2,0,1,2,2,0,1,2,0,0,1,3,2,3,0,3,2
1344,1335b,0363b,0,2,2,1,0,2,2,3,2,2,1,1,1,1,2,1,0,1,1
1345,1302b,1302c,1,3,1,1,0,2,2,0,2,2,2,1,1,3,2,2,0,3,2
1346,0351c,0459b,0,1,0,1,0,2,2,1,2,2,2,0,1,0,2,3,1,3,2
1347,1320a,1563a,0,1,1,1,3,2,1,0,3,2,0,1,1,3,2,3,0,0,2
1348,1164c,1164b,1,3,1,1,3,2,3,0,2,2,2,1,1,2,1,2,1,1,2
1349,0458c,0458b,1,3,0,1,0,2,2,0,3,2,3,2,1,3,2,2,1,3,2
1350,1547a,1039a,0,2,4,1,1,2,1,0,2,2,3,1,0,0,0,3,1,0,2
1351,1476c,0390a,0,1,2,1,3,0,2,1,1,1,0,0,1,0,1,2,1,2,2
1352,1432c,1432b,1,2,2,1,0,2,2,0,2,2,3,1,1,0,1,2,1,4,2
1353,0517c,0466c,0,1,1,1,3,0,2,3,2,1,3,1,1,2,2,1,2,0,1
1354,0381b,0451c,0,3,1,1,0,2,3,0,4,2,1,0,1,1,2,2,0,2,1
1355,0517b,0517c,1,3,0,1,3,0,1,0,3,2,1,1,1,3,0,2,3,2,1
1356,1255a,1254a,0,1,1,1,0,2,2,1,0,1,1,1,1,1,2,1,3,3,2
1357,0597c,0557c,0,1,4,1,0,2,2,1,1,2,1,1,1,0,2,1,0,2,1
1358,1212a,0455c,0,2,1,1,0,0,2,2,2,1,3,1,1,3,3,1,3,1,2
1359,0496a,1363a,0,3,4,1,0,2,3,1,2,2,0,0,1,1,2,3,2,3,2
1360,1221a,1429a,0,3,4,1,0,2,2,2,1,2,1,2,1,2,2,2,1,0,1
1361,1471b,1471c,1,1,0,1,0,2,2,0,4,2,1,1,1,0,0,1,1,1,2
1362,0474b,0474c,1,2,1,1,3,2,3,3,3,2,3,4,1,0,2,2,3,1,2
1363,1406b,1406c,1,1,0,0,1,0,2,2,2,2,1,0,1,4,0,2,3,2,2
1364,1341a,1341b,1,0,2,1,0,2,2,0,2,2,2,4,1,0,2,3,0,2,2
1365,1240a,1286a,0,1,0,1,3,2,2,3,1,2,1,2,1,3,2,1,1,3,2
1366,1485a,0450b,0,3,4,1,0,2,2,2,2,2,1,2,0,1,0,2,0,2,1
1367,0434c,1374a,0,0,1,0,2,2,3,0,3,2,3,2,0,2,2,3,0,4,2
1368,1137b,1137c,1,3,1,1,3,2,1,0,0,2,2,2,1,3,2,2,0,3,2
1369,1432c,0434b,0,2,2,1,0,2,2,0,2,2,1,4,1,0,2,2,0,0,2
1370,0338a,0571a,0,2,4,1,0,2,3,0,1,2,2,4,1,3,2,3,0,1,2
1371,0555b,0555c,1,1,1,1,0,1,2,0,2,2,3,0,1,1,2,2,0,4,2
1372,1257a,1155a,0,2,1,1,2,2,1,0,3,2,1,1,0,2,2,1,1,0,2
1373,1257a,0587b,0,2,1,1,2,2,1,0,3,2,0,1,1,0,2,1,1,0,1
1374,1425c,0571c,0,1,4,1,1,2,1,0,1,2,1,0,1,1,0,1,0,1,1
1375,1494a,1494b,1,1,0,1,1,2,2,0,1,2,2,1,1,0,2,1,1,4,2
1376,1534c,0532c,0,3,1,1,0,2,1,0,3,2,2,2,1,3,2,3,0,2,2
1377,0357b,0357a,1,2,1,0,0,0,2,2,3,2,3,4,1,1,2,3,2,3,2
1378,1383b,1383c,1,3,2,1,3,0,2,1,2,1,1,1,1,1,0,2,2,2,1
1379,0319a,1124c,0,2,4,1,0,2,3,1,2,2,3,1,1,0,2,0,1,2,2
1380,0321a,0321b,1,2,1,1,3,2,1,1,2,1,3,2,1,3,2,2,1,4,2
1381,1538c,1538b,1,0,2,1,0,2,1,1,0,2,2,2,1,3,0,2,0,1,1
1382,1458a,1458b,1,0,1,1,3,2,2,1,1,2,1,1,1,0,2,2,1,2,1
1383,1236b,0538a,0,3,4,1,0,2,2,1,0,2,2,1,0,3,2,2,1,4,2
1384,1237c,0451c,0,2,1,0,2,2,2,0,1,2,1,0,1,1,2,2,0,2,1
1385,1222c,0492c,0,0,1,1,0,2,2,1,2,1,2,0,1,1,2,1,0,1,2
1386,0469b,0469c,1,3,2,1,2,0,2,1,1,1,2,0,1,1,0,2,3,0,1
1387,0301a,1240b,0,1,0,1,0,2,2,1,4,2,1,1,1,1,0,1,0,3,2
1388,0363c,1341b,0,1,1,1,0,2,2,3,0,2,2,4,1,0,2,3,0,2,2
1389,1320b,1320c,1,3,1,1,0,2,1,0,0,2,2,2,1,0,2,2,0,3,2
1390,1303c,1303b,1,3,4,1,0,2,2,0,4,2,3,1,0,2,2,2,0,3,2
1391,1227b,1460a,0,3,1,1,3,2,1,0,4,2,2,1,1,1,0,2,0,0,2
1392,1374b,1374c,1,1,1,1,0,2,2,2,2,1,3,0,1,0,2,1,0,3,2
1393,1140a,1140b,1,3,4,0,2,2,1,1,3,2,0,0,1,3,0,1,1,2,1
1394,1471c,1521b,0,1,1,1,0,0,1,1,1,2,3,1,1,3,0,2,3,3,2
1395,0535a,0535c,1,2,4,1,1,2,2,2,1,1,1,2,1,3,2,1,3,3,2
1396,0463a,0463b,1,1,1,1,0,0,3,3,4,2,0,0,0,3,2,3,0,3,2
1397,0556a,0556b,1,2,1,1,1,0,2,0,4,1,0,2,0,1,0,2,1,1,1
1398,0345a,1499b,0,0,1,1,0,0,2,0,2,2,2,1,1,2,2,2,3,4,2
1399,1253a,1421b,0,3,0,1,0,2,2,3,2,2,3,1,1,3,2,2,2,2,1
1400,1180a,0461b,0,2,1,1,2,2,2,1,1,2,2,1,1,0,2,2,2,0,1
1401,0335a,0335b,1,1,1,1,2,2,2,1,0,2,3,4,1,0,2,2,1,1,2
1402,1180b,1208c,0,1,1,1,0,2,2,1,1,1,0,1,1,0,2,1,3,2,2
1403,0950b,1222a,0,1,0,1,3,0,1,0,3,2,2,1,0,2,2,1,0,3,2
1404,1208b,0927c,0,1,0,1,0,2,1,0,1,1,2,1,0,2,2,1,0,1,2
1405,1534c,1201b,0,3,1,1,0,2,1,0,3,2,2,0,1,0,2,3,0,4,2
1406,0385c,1271b,0,2,2,1,0,1,2,2,1,2,3,4,2,2,0,2,1,3,2
1407,1411b,1411c,1,3,1,1,3,2,3,1,1,2,0,1,1,3,2,3,0,2,2
1408,1124c,1308c,0,3,1,1,0,2,0,1,2,2,0,1,2,4,2,2,0,3,2
1409,1237a,1237b,1,2,1,0,1,2,2,0,1,2,3,0,1,1,2,2,0,0,2
1410,1442b,1146a,0,2,2,1,3,2,2,1,4,2,0,4,1,0,2,2,1,0,2
1411,1320a,1320c,1,1,1,1,3,2,1,0,3,2,2,2,1,0,2,2,0,3,2
1412,0600a,0600b,1,2,1,1,0,2,1,0,3,2,0,1,1,3,2,2,0,1,2
1413,1424a,1424c,1,3,4,1,0,2,2,1,2,2,1,1,1,3,2,2,1,1,1
1414,0317a,0317b,1,1,1,0,2,0,1,1,2,1,0,4,0,0,0,2,2,3,2
1415,0521b,0521c,1,1,1,1,0,1,1,0,0,2,3,1,2,1,0,2,1,3,2
1416,0440c,0540c,0,3,4,1,0,2,1,0,4,2,2,1,0,4,0,2,0,3,2
1417,0927a,0927b,1,1,0,1,0,0,2,0,2,1,1,4,1,1,2,3,1,1,2
1418,1237c,1417b,0,2,1,0,2,2,2,0,1,2,3,4,1,0,2,3,0,3,2
1419,1508b,1086c,0,1,1,1,0,2,1,1,0,1,2,1,1,1,0,1,1,2,1
1420,1300a,1300b,1,1,1,1,1,2,2,0,1,2,2,1,1,0,2,1,0,2,2
1421,1533c,1198b,0,1,2,1,3,2,1,0,1,1,1,0,1,3,2,0,2,2,1
1422,0561a,1531c,0,2,1,1,3,2,1,0,1,2,3,1,1,0,2,3,1,2,2
1423,1552a,1191c,0,3,0,1,1,2,2,1,1,2,3,4,1,3,2,3,3,4,2
1424,0565a,0565c,1,2,1,1,3,2,2,1,1,2,2,1,1,1,2,2,0,1,2
1425,0429b,1567b,0,1,1,1,3,2,3,1,4,2,3,1,0,2,2,2,0,0,2
1426,0477a,0313b,0,2,1,1,1,2,1,0,0,2,2,1,0,2,2,2,0,0,2
1427,0456b,1091c,0,0,1,1,1,2,2,0,1,1,2,4,0,2,2,2,0,2,2
1428,0337a,0405b,0,2,1,1,3,2,2,3,2,1,1,0,1,4,0,2,0,1,2
1429,1471c,0457a,0,1,1,1,0,0,1,1,1,2,2,3,1,3,2,2,0,1,2
1430,1508b,1508c,1,1,1,1,0,2,1,1,0,1,1,4,1,1,0,2,0,0,2
1431,0302a,0460c,0,2,0,1,1,0,2,1,1,1,2,4,2,1,2,2,2,1,2
1432,0483a,1551b,0,2,2,1,3,2,2,0,1,1,1,1,1,0,2,1,1,1,1
1433,1476a,1335b,0,1,1,1,0,2,1,0,1,1,2,2,1,0,2,2,3,2,2
1434,0365a,0365c,1,0,2,1,0,2,2,0,1,2,0,4,0,3,0,1,1,2,1
1435,1491a,1491c,1,3,1,1,0,2,2,1,3,2,1,1,1,1,2,2,1,0,2
1436,1300a,1137a,0,1,1,1,1,2,2,0,1,2,1,1,1,0,2,1,0,1,2
1437,1446a,1446c,1,1,1,1,3,2,2,1,2,2,3,1,1,3,2,2,0,3,2
1438,0322b,1405b,0,1,1,1,3,1,2,0,1,2,1,1,1,0,0,2,1,1,1
1439,1255a,1441c,0,1,1,1,0,2,2,1,0,1,1,1,1,1,2,2,1,1,1
1440,1430c,1204b,0,0,0,1,3,2,3,0,3,2,2,1,1,3,1,3,0,4,2
1441,1454c,1454a,1,1,1,1,0,2,2,0,4,2,2,4,1,3,2,2,1,1,2
1442,1253a,0950a,0,3,0,1,0,2,2,3,2,2,2,1,1,3,0,2,2,2,1
1443,0374c,0374a,1,2,1,1,3,2,2,3,0,2,2,2,0,0,2,1,3,3,2
1444,1171b,0348c,0,2,4,1,3,2,1,1,3,2,3,1,0,2,2,2,3,3,2
1445,0491c,0491a,1,2,2,1,0,2,2,0,4,2,2,1,1,1,2,1,0,2,1
1446,0314b,0314a,1,0,0,1,0,2,2,0,2,2,1,1,1,0,2,1,2,1,1
1447,0350b,0350c,1,2,1,1,3,2,1,1,4,2,2,0,1,0,1,1,0,2,2
1448,0319a,0319b,1,2,4,1,0,2,3,1,2,2,1,1,1,1,2,3,0,2,1
1449,1374b,1140c,0,1,1,1,0,2,2,2,2,1,2,4,1,2,2,1,0,1,2
1450,1366b,1366c,1,2,2,1,3,2,2,1,2,2,0,1,1,0,2,2,1,1,1
1451,1510b,1361b,0,1,1,1,0,2,2,1,0,2,1,0,1,3,2,2,0,4,2
1452,1510b,1510c,1,1,1,1,0,2,2,1,0,2,2,1,1,1,2,2,0,3,2
1453,1451a,1451c,1,1,4,1,3,2,2,0,4,2,0,0,1,0,2,2,0,0,2
1454,1417b,1417a,1,3,4,1,0,2,3,0,3,2,1,1,0,0,2,3,1,3,2
1455,0507a,0521a,0,1,1,1,3,0,2,1,2,1,2,1,1,1,2,1,3,0,2
1456,1097a,1405b,0,3,2,1,0,2,2,0,4,2,1,1,1,0,0,2,1,1,1
1457,1491a,1491b,1,3,1,1,0,2,2,1,3,2,2,1,1,0,2,2,0,1,1
1458,0348a,0348c,1,3,0,1,0,2,1,0,4,2,3,1,0,2,2,2,3,3,2
1459,1425c,0516a,0,1,4,1,1,2,1,0,1,2,2,0,1,0,0,3,0,3,2
1460,0553b,1497c,0,2,1,1,0,0,2,1,1,1,2,0,1,3,2,2,3,4,2
1461,1547a,0466c,0,2,4,1,1,2,1,0,2,2,3,1,1,2,2,1,2,0,1
1462,0492b,0492c,1,2,0,1,0,2,1,1,3,2,2,0,1,1,2,1,0,1,2
1463,1305a,1305b,1,1,1,1,0,2,2,0,0,2,2,1,1,0,2,2,1,2,2
1464,1284b,1477c,0,1,1,1,3,0,2,0,1,2,3,1,1,2,2,2,1,0,1
1465,1382b,1366a,0,2,1,1,0,0,2,0,0,2,3,1,1,0,2,1,1,1,2
1466,0556b,0556c,1,0,2,0,1,0,2,1,1,1,0,1,0,1,0,3,1,0,1
1467,1194b,1194c,1,2,4,0,1,2,2,0,1,2,2,1,2,1,2,2,0,3,2
1468,1236a,0492c,0,3,0,1,3,2,2,0,3,2,2,0,1,1,2,1,0,1,2
1469,1512b,1336c,0,2,0,1,0,2,2,0,0,2,0,1,1,0,2,3,0,0,2
1470,0544b,0544c,1,2,1,1,3,2,3,0,0,2,1,4,1,3,2,2,2,0,1
1471,1442a,1442b,1,3,2,1,0,2,2,0,1,2,2,2,1,3,2,2,1,4,2
1472,1381a,0387b,0,1,4,0,1,2,2,0,1,2,2,2,0,1,0,1,0,2,1
1473,1413b,1413c,1,0,1,1,0,2,1,0,2,2,1,4,1,3,2,2,1,2,2
1474,0464a,0892c,0,1,0,1,3,2,3,1,0,2,3,2,0,2,2,2,1,0,2
1475,1489a,1552b,0,1,1,1,3,2,2,0,0,2,2,1,1,3,2,1,1,1,1
1476,1248a,1378b,0,2,1,1,3,2,2,1,4,2,3,1,1,3,2,2,1,3,2
1477,0336c,1443c,0,3,2,1,2,2,2,0,1,1,0,1,1,1,2,1,1,2,1
1478,1144b,1144c,1,1,2,1,0,2,2,1,2,2,1,1,1,2,2,1,0,0,2
1479,1492a,1129a,0,1,1,1,3,2,1,0,0,2,3,1,1,0,2,2,3,1,2
1480,1146a,1146c,1,0,4,1,0,2,2,1,0,2,3,0,1,3,2,2,1,4,2
1481,1286a,1286b,1,1,2,1,3,2,1,1,3,2,3,4,1,0,2,3,0,4,2
1482,1086b,1086c,1,0,1,1,1,2,2,1,0,1,2,1,1,1,0,1,1,2,1
1483,1517a,1517c,1,2,1,1,1,2,2,0,2,2,3,0,1,0,2,2,1,4,2
1484,1350a,0387b,0,3,1,1,0,2,3,1,2,1,2,2,0,1,0,1,0,2,1
1485,1208a,1253b,0,0,4,1,0,0,2,0,2,2,0,1,1,1,2,1,1,1,1
1486,1454b,1454c,1,2,1,1,3,2,2,1,0,2,1,1,1,0,2,2,0,4,2
1487,0473a,0473b,1,1,2,1,0,0,2,1,1,2,1,4,1,1,0,3,0,3,2
1488,1300b,1300c,1,2,1,1,0,2,1,0,2,2,3,1,1,0,2,2,1,1,2
1489,1546a,0434c,0,1,1,0,3,2,1,1,2,1,0,1,0,2,2,3,0,3,2
1490,0571b,0571c,1,0,1,1,0,2,2,0,0,2,1,0,1,1,0,1,0,1,1
1491,1335b,0474b,0,2,2,1,0,2,2,3,2,2,2,1,1,3,2,3,3,3,2
1492,1463a,1531a,0,2,1,1,0,2,2,1,1,1,2,0,1,0,2,3,0,3,2
1493,0551c,0551a,1,3,2,1,0,0,2,0,2,2,2,1,1,1,2,0,1,3,2
1494,0365b,1447c,0,2,1,1,3,0,2,0,2,1,1,1,0,1,2,2,2,2,2
1495,0321c,1341a,0,2,1,1,2,2,2,0,2,2,0,2,1,0,2,2,0,2,2
1496,0381a,1554c,0,1,0,1,3,2,2,0,3,2,3,0,1,3,2,2,1,1,2
1497,1513a,1513c,1,2,0,1,3,2,3,0,3,2,1,1,1,0,1,2,1,1,2
1498,0927a,1414c,0,1,0,1,0,0,2,0,2,1,1,0,1,1,3,1,1,2,1
1499,1360a,1360c,1,3,1,0,2,2,2,0,2,2,0,1,1,2,1,2,1,1,1
1500,1131a,1513b,0,1,1,1,1,2,1,0,0,2,2,0,1,3,2,3,0,2,2
1501,1504c,1504b,1,0,1,1,0,2,1,0,2,1,3,1,1,3,1,2,0,4,2
1502,1430b,1430c,1,1,1,1,1,1,2,0,3,2,0,0,1,3,2,3,0,3,2
1503,1124c,0585b,0,3,1,1,0,2,0,1,2,2,3,1,2,3,2,3,1,4,2
1504,0507a,0507b,1,1,1,1,3,0,2,1,2,1,0,1,1,3,2,1,1,4,2
1505,0594b,1165c,0,0,0,0,3,2,0,0,3,2,3,0,2,4,0,2,3,2,2
1506,0302c,0302b,1,3,1,0,2,2,3,0,3,2,2,2,2,4,3,3,3,4,2
1507,1393b,1393c,1,2,1,1,3,0,2,0,3,2,1,4,1,0,2,2,1,2,2
1508,0375c,0375b,1,2,4,1,4,2,2,2,1,1,1,3,0,1,0,2,0,2,1
1509,0357a,0357c,1,3,4,1,1,2,3,2,3,2,0,2,1,1,0,2,0,1,1
1510,0451a,0451b,1,2,1,1,0,2,1,0,0,2,2,1,1,3,0,2,1,2,1
1511,0411c,1421b,0,2,1,1,3,2,1,0,4,2,3,1,1,3,2,2,2,2,1
1512,1495a,1495c,1,2,1,0,3,2,1,0,3,2,1,1,1,0,0,2,1,2,1
1513,0354c,0302b,0,1,0,0,1,0,1,3,2,2,2,2,2,4,3,3,3,4,2
1514,1567b,1508c,0,3,1,0,2,2,2,0,0,2,1,4,1,1,0,2,0,0,2
1515,1140c,0564a,0,2,4,1,2,2,1,0,1,2,2,1,1,0,2,3,3,2,1
1516,0385c,0385a,1,2,2,1,0,1,2,2,1,2,0,0,1,2,2,3,3,0,2
1517,0565a,1465a,0,2,1,1,3,2,2,1,1,2,3,4,1,0,2,2,3,2,2
1518,1180b,1180c,1,1,1,1,0,2,2,1,1,1,2,4,1,0,2,3,0,3,2
1519,1497b,1497c,1,2,1,1,0,0,2,1,2,1,2,0,1,3,2,2,3,4,2
1520,0421b,0421a,1,2,0,1,1,0,2,0,0,2,3,2,1,3,2,3,3,3,2
1521,1511b,0401c,0,0,1,0,2,2,2,0,2,2,1,3,1,3,0,3,0,4,2
1522,1271c,1440b,0,0,1,2,4,2,2,2,2,2,0,4,0,2,0,2,0,4,1
1523,0301a,1504b,0,1,0,1,0,2,2,1,4,2,3,1,1,3,1,2,0,4,2
1524,0424a,0424c,1,1,2,1,3,2,2,0,1,2,2,1,1,0,2,2,3,3,2
1525,1240a,1240b,1,1,0,1,3,2,2,3,1,2,1,1,1,1,0,1,0,3,2
1526,1477a,1477b,1,3,0,1,3,2,1,1,0,2,1,1,1,1,0,2,0,1,1
1527,0577a,0577c,1,2,1,1,0,2,2,0,1,2,1,1,1,1,2,3,0,0,2
1528,1413a,1413c,1,2,1,1,1,2,3,0,1,2,1,4,1,3,2,2,1,2,2
1529,0302a,0302c,1,2,0,1,1,0,2,1,1,1,3,1,0,2,2,3,0,3,2
1530,1334a,1330c,0,3,1,1,0,2,3,0,2,2,1,1,1,2,2,2,1,3,2
1531,0507a,0421a,0,1,1,1,3,0,2,1,2,1,3,2,1,3,2,3,3,3,2
1532,1491b,1491c,1,2,1,1,0,2,2,0,1,1,1,1,1,1,2,2,1,0,2
1533,0331b,1171b,0,3,1,1,0,2,2,0,0,2,2,4,1,3,2,1,1,3,2
1534,1259b,1259c,1,1,0,1,3,2,1,2,2,1,0,1,1,0,0,2,2,1,1
1535,1254c,0301a,0,1,1,1,0,2,2,1,1,2,1,0,1,0,2,2,1,4,2
1536,1358a,1358b,1,2,1,1,1,1,2,0,4,2,3,4,0,1,2,2,0,1,2
1537,1231a,1231c,1,1,2,1,0,2,2,1,0,2,1,4,1,3,2,2,1,3,2
1538,1386b,1386c,1,3,1,1,0,2,2,0,1,2,3,1,1,3,2,2,0,2,2
1539,1374b,1374a,1,1,1,1,0,2,2,2,2,1,3,2,0,2,2,3,0,4,2
1540,0340a,0340c,1,3,0,1,0,2,3,1,2,2,1,0,1,1,2,1,0,3,2
1541,1417c,1417b,1,1,1,1,3,2,2,1,2,1,3,4,1,0,2,3,0,3,2
1542,0411b,1174a,0,1,2,1,1,2,2,0,1,2,1,1,1,1,2,3,0,4,2
1543,1472c,1303c,0,2,0,1,3,2,2,1,1,2,3,4,1,0,2,2,0,4,2
1544,1465a,0340a,0,3,4,1,0,2,2,3,2,2,3,0,1,0,2,3,1,2,2
1545,1181a,0532b,0,1,0,1,0,2,1,0,2,2,2,1,1,3,0,2,0,1,1
1546,1091b,1091a,1,1,1,1,0,2,2,2,1,1,3,1,2,4,2,2,3,4,2
1547,1134b,0496a,0,3,4,1,1,2,2,0,2,2,3,4,1,0,2,3,1,2,2
1548,1461a,0594b,0,1,0,1,1,2,0,0,1,2,0,0,0,3,2,0,0,3,2
1549,0324c,0324a,1,1,1,0,4,2,2,0,3,2,0,2,1,0,1,2,1,3,2
1550,0365b,0365c,1,2,1,1,3,0,2,0,2,1,0,4,0,3,0,1,1,2,1
1551,0351c,0351a,1,1,0,1,0,2,2,1,2,2,1,2,0,0,2,2,0,3,2
1552,0531b,0531c,1,2,0,1,3,2,1,0,2,2,1,4,1,1,2,2,0,3,2
1553,1267c,1267a,1,1,0,1,0,2,2,0,1,1,2,1,1,0,2,2,2,2,1
1554,1164c,1425c,0,3,1,1,3,2,3,0,2,2,1,4,1,1,2,1,0,1,2
1555,1335a,1335b,1,2,1,1,0,2,3,0,1,2,2,2,1,0,2,2,3,2,2
1556,1268a,1551a,0,2,1,1,0,0,2,0,4,2,0,1,1,0,2,2,3,3,2
1557,0328a,1271a,0,3,1,0,2,2,3,0,2,2,1,1,1,2,0,1,1,4,1
1558,1086b,1253c,0,0,1,1,1,2,2,1,0,1,2,0,0,2,2,2,0,0,2
1559,1300a,1300c,1,1,1,1,1,2,2,0,1,2,3,1,1,0,2,2,1,1,2
1560,0376c,0376b,1,2,1,0,0,3,2,2,3,2,1,2,0,2,0,1,1,1,1
1561,0489b,1064c,0,1,0,1,0,2,3,3,4,2,1,4,1,1,0,2,2,1,1
1562,1144b,1319a,0,1,2,1,0,2,2,1,2,2,2,0,1,0,2,2,3,4,2
1563,1483a,1334c,0,2,1,1,3,2,3,0,3,2,3,4,1,3,2,3,1,2,2
1564,0485b,1361a,0,2,1,1,0,1,1,0,2,2,1,4,1,0,0,2,3,3,2
1565,0375a,0380a,0,3,0,1,3,2,2,0,4,2,1,4,1,3,2,2,3,1,2
1566,0472c,0307c,0,2,1,1,1,2,2,3,2,2,1,1,1,1,2,2,2,3,2
1567,1365c,1365b,1,2,2,1,1,2,2,1,2,2,0,4,1,3,2,2,1,0,2
1568,0456c,0456a,1,2,2,1,0,2,3,0,3,2,2,1,0,2,2,2,0,3,2
1569,0314b,0389c,0,0,0,1,0,2,2,0,2,2,2,0,1,0,2,2,3,2,2
1570,0518b,0518c,1,1,1,1,0,0,1,1,2,1,3,4,1,1,2,3,0,4,2
1571,1489c,1366c,0,2,4,1,0,2,2,1,1,2,0,1,1,0,2,2,1,1,1
1572,1543b,1543c,1,2,1,1,2,2,2,1,0,2,1,1,1,1,2,2,0,2,1
1573,0477a,0354b,0,2,1,1,1,2,1,0,0,2,3,1,1,0,2,3,1,4,2
1574,0448b,0866c,0,2,2,1,0,0,2,3,2,1,3,0,1,0,0,2,2,2,1
1575,0365a,0365b,1,0,2,1,0,2,2,0,1,2,2,1,1,3,0,2,0,2,1
1576,0323c,0323a,1,1,0,1,1,0,1,0,0,1,3,4,2,4,2,2,3,2,2
1577,0600b,0600c,1,0,1,1,3,2,2,0,1,2,3,1,1,3,2,2,1,0,2
1578,0489c,1329c,0,1,1,1,1,2,2,1,2,1,0,1,1,0,2,2,3,0,2
1579,1364b,1364c,1,3,1,1,3,2,2,1,1,2,2,2,1,0,2,2,1,3,2
1580,1300a,1551a,0,1,1,1,1,2,2,0,1,2,0,1,1,0,2,2,3,3,2
1581,0896a,1431c,0,3,1,1,1,2,3,0,3,2,3,1,1,3,2,3,1,4,2
