,img_id_A,img_id_B,target,f1,f2,f3,f4,f5,f6,f7,f8,f9
0,0419a,0550b,0,-3,1,0,1,0,0,0,-3,0
1,0457a,0457c,1,2,1,0,3,2,0,0,-2,0
2,1433a,1433c,1,1,-2,0,0,0,0,0,0,0
3,0353a,0353b,1,0,0,0,2,-1,1,-1,0,1
4,0597b,0597a,1,-1,0,-1,3,0,0,-3,2,1
5,0491b,0491c,1,0,-1,0,0,0,-1,1,-4,0
6,0521b,1039a,0,-2,0,1,0,1,-2,-1,0,0
7,1173c,1191c,0,-2,-2,0,0,-2,-1,-3,-2,0
8,1425c,0516a,0,-1,4,0,1,2,-2,0,-2,0
9,0405c,0525b,0,-1,-3,1,1,0,0,1,-1,-1
10,0473a,0473b,1,0,-2,0,-1,0,-1,1,-2,0
11,1294a,1294b,1,0,-1,0,0,0,1,0,-3,-1
12,1432b,1271b,0,0,-3,-1,-2,1,0,0,1,0
13,0517b,0517c,1,2,-1,0,0,0,-1,-3,1,1
14,0302a,0302c,1,-1,-1,1,-1,-2,-1,1,-2,-1
15,1567b,0540c,0,1,0,0,-2,2,0,0,-3,0
16,0348a,0327b,0,3,-1,0,-1,1,-1,0,1,0
17,1181a,0532b,0,-1,-1,0,-3,2,-1,0,1,1
18,1500a,1176a,0,1,4,-1,0,0,1,0,0,0
19,1366a,1366b,1,1,-1,0,-3,0,-1,0,-1,0
20,1491a,1491b,1,1,0,0,0,0,0,1,2,1
21,0328b,1123a,0,-2,1,-1,0,2,2,-1,1,1
22,1149a,1409a,0,-2,-3,0,-3,2,1,1,-3,0
23,0474b,0474c,1,-1,-3,0,3,0,1,0,2,0
24,1226c,1340c,0,1,0,0,0,-2,1,-1,-2,0
25,0518b,0518c,1,-2,-3,0,-1,-2,-2,1,-2,-1
26,1491a,1491c,1,2,0,0,-1,0,0,0,3,0
27,0458a,0600a,0,0,0,0,0,0,1,1,-3,0
28,0411a,0431c,0,1,1,0,0,0,-1,-1,1,0
29,0314b,0483b,0,-1,-1,0,0,2,-1,-1,0,1
30,1429b,1429a,1,1,-1,0,-2,-2,0,-1,1,0
31,0375a,0380a,0,2,-4,0,0,0,0,-3,3,0
32,0349a,0349b,1,3,0,0,-2,0,-1,-3,0,0
33,1540c,1360c,0,1,1,0,-2,1,0,0,-1,0
34,1129b,1181b,0,1,0,1,-2,0,1,0,4,-1
35,1551b,1551c,1,-1,-3,0,-3,0,-1,-2,-1,-1
36,1454a,1134a,0,0,4,0,0,0,0,0,1,0
37,0503a,0503b,1,0,0,0,-1,0,1,-1,1,0
38,1365b,1465c,0,-1,2,1,1,0,0,1,-2,0
39,1224c,0924b,0,0,0,0,-2,2,-1,0,2,1
40,1534b,1534a,1,-1,0,0,2,0,-1,0,-2,0
41,1236c,1236b,1,-2,-3,0,1,0,1,-1,1,0
42,0365b,0516a,0,0,1,0,3,0,-1,0,-1,-1
43,1180b,1208c,0,1,0,0,0,0,1,-2,-1,-1
44,0463a,0463b,1,1,1,1,-3,-2,0,3,1,0
45,0924b,0924c,1,1,-1,0,3,-2,1,-1,-1,0
46,0537c,1501b,0,-1,1,0,1,0,1,1,0,0
47,1497c,1039a,0,-1,-1,1,3,2,-1,2,4,0
48,1164b,1191b,0,-1,-3,1,1,-1,1,1,-2,0
49,1121a,1484b,0,1,0,0,3,0,1,-1,-1,1
50,1300a,0411a,0,-2,0,0,1,0,1,-1,-3,0
51,0923a,0923c,1,1,0,0,-1,-1,-1,0,-2,0
52,1421a,1421b,1,-2,-1,0,-3,0,0,1,1,1
53,1253b,1253c,1,-2,1,1,-1,0,-1,1,1,-1
54,0485b,1361a,0,1,-3,0,0,1,-1,-3,-1,0
55,1565b,1471b,0,1,1,0,3,-2,0,0,-2,0
56,0381a,0381c,1,0,-4,0,0,0,-1,0,1,0
57,0302a,1174b,0,0,0,0,-2,-3,0,0,-3,-1
58,0538a,1240b,0,1,0,-1,2,2,1,1,1,0
59,0492a,1328b,0,2,2,0,1,0,0,-3,2,0
60,1447c,1036b,0,-1,-1,0,-1,0,0,2,2,0
61,0473b,0350a,0,-2,2,0,1,-1,1,-1,0,0
62,1149b,1149c,1,1,3,0,0,0,1,-2,-3,0
63,1261b,0570c,0,0,0,0,-1,0,0,0,1,0
64,1443c,1319c,0,-1,1,0,1,0,1,0,-2,-1
65,0492b,0492c,1,0,0,0,-1,0,0,1,2,0
66,1146a,1146c,1,-3,4,0,-3,0,0,0,-4,0
67,1461c,1461a,1,1,4,0,2,0,1,0,2,0
68,1483a,1483c,1,1,0,0,2,2,2,0,2,1
69,0592b,0592c,1,0,0,0,0,0,-1,0,-1,0
70,1091b,1091c,1,-1,-3,1,-2,0,0,2,-1,-1
71,1489c,1366c,0,2,3,0,0,0,0,0,0,1
72,1444a,1423a,0,-3,0,0,-1,0,1,-2,2,1
73,1284a,1268b,0,1,0,0,0,0,0,0,1,1
74,1546c,1546a,1,2,-1,1,-3,0,0,0,1,1
75,1424a,1429c,0,3,4,0,-3,0,0,1,2,0
76,0594a,0563a,0,2,1,0,-1,2,0,1,2,1
77,0496a,0496e,1,1,3,1,-1,0,0,1,0,0
78,1149c,1208a,0,1,-3,0,3,2,-1,3,1,0
79,0577b,0577c,1,1,0,-1,2,0,-1,1,2,0
80,0587a,0587c,1,0,-3,1,-1,0,-1,1,-3,0
81,1508b,0330a,0,0,1,0,-1,0,-1,-1,-1,0
82,0927c,0368c,0,-1,0,0,0,0,-2,-2,-1,0
83,1483b,1483c,1,2,3,0,-1,2,1,0,0,1
84,1334a,1257c,0,3,0,0,-3,0,1,0,-2,0
85,0488b,0488c,1,1,-4,0,-1,0,-1,0,-4,0
86,0336c,1443c,0,3,1,0,1,0,1,-1,-1,0
87,0562c,1374c,0,0,0,0,3,0,0,0,-1,0
88,0414a,0414b,1,2,1,0,0,0,1,-1,1,0
89,0411c,0411a,1,-1,0,0,3,0,0,-1,0,0
90,0570c,0322b,0,2,3,0,-2,1,0,0,0,0
91,0429b,0429a,1,-1,1,0,0,0,0,1,0,0
92,0429b,1567b,0,-2,0,1,1,0,1,1,4,0
93,1406c,0594b,0,1,0,1,1,-2,2,3,-1,0
94,0321b,0333a,0,1,1,0,0,0,1,-1,4,1
95,1320a,1320b,1,-2,0,0,3,0,0,0,3,0
96,1363b,0350a,0,-3,-1,0,1,-1,0,-1,-1,-1
97,1422a,1140a,0,0,0,0,1,-2,1,0,0,0
98,1545b,1545c,1,0,0,0,-3,-2,-1,0,0,0
99,0318c,0318b,1,2,0,0,3,2,0,0,4,0
100,0520a,1358a,0,0,3,0,-1,1,-1,3,-1,0
101,1484b,1484c,1,0,0,0,0,2,0,-1,0,0
102,1463a,1325a,0,-1,0,0,0,1,0,1,0,-1
103,1124c,0585b,0,0,0,-1,-3,0,-3,0,-2,0
104,1440c,1440b,1,2,0,1,-1,2,1,0,-2,1
105,1140c,0556a,0,0,3,0,1,2,-1,0,-3,1
106,0327b,0327a,1,-3,0,0,0,-1,2,0,-1,0
107,1181b,1181c,1,0,-1,-1,2,2,-2,1,-4,0
108,1495b,1495c,1,0,0,0,2,2,-1,0,-2,1
109,1442b,1442c,1,1,1,0,3,2,0,1,2,1
110,0373b,1091c,0,0,-3,1,-1,0,-1,0,-2,-1
111,1448b,1448c,1,-2,-2,0,0,0,0,0,0,0
112,0445b,0445c,1,-1,-3,0,0,2,-1,1,-3,-1
113,0550b,0333a,0,1,-1,0,-3,0,1,-2,4,1
114,1487a,1487c,1,-1,0,0,0,2,2,0,2,1
115,1282c,0317c,0,1,1,2,1,0,-1,0,-1,0
116,1178a,1501c,0,3,3,0,3,0,0,-1,1,1
117,1344b,1344c,1,0,3,0,0,0,0,-1,-2,0
118,1382a,1426a,0,0,0,0,-1,0,0,0,1,1
119,1534c,1534a,1,1,0,0,-1,0,-2,-1,0,0
120,1119a,1119c,1,-1,0,0,-3,-2,0,-1,-1,1
121,0374b,1393a,0,-1,0,0,3,0,0,0,-3,0
122,0593b,0570a,0,1,3,1,-3,2,0,2,0,0
123,0372a,0372b,1,0,0,0,0,1,-1,-1,-1,-1
124,0354b,1286c,0,1,0,0,-1,0,2,-2,1,0
125,0564b,0564c,1,2,1,0,1,-1,1,1,-2,-1
126,0315b,0315a,1,0,-3,0,0,0,-2,1,0,0
127,1180a,0461b,0,0,0,0,2,0,0,-1,1,1
128,0552a,1365b,0,2,-3,0,-3,0,0,0,2,-1
129,0460b,0460c,1,-1,0,-2,-1,0,1,1,2,0
130,1408c,1408a,1,-3,0,1,-3,-2,1,0,-1,-1
131,0411c,0892a,0,1,1,0,2,0,-2,0,4,0
132,0440c,1212c,0,1,4,0,0,2,-1,-2,2,1
133,1341b,1341c,1,0,3,0,-2,0,1,-1,-2,0
134,1416b,1416a,1,1,-1,0,-3,0,1,1,-2,0
135,0379b,0379c,1,1,0,0,-2,0,0,0,0,0
136,0531a,0531c,1,1,-2,0,0,0,0,0,0,0
137,1319a,1319c,1,1,0,0,0,0,2,2,0,0
138,0531a,0897c,0,0,-2,0,-2,0,-1,-1,0,0
139,1236c,1517c,0,-2,1,0,1,0,1,-1,-3,0
140,0389c,0459b,0,0,0,0,0,0,-1,2,-1,0
141,0333a,0506b,0,0,-1,0,1,0,-1,1,0,0
142,0331b,1171b,0,1,-3,0,-3,0,1,-1,-3,0
143,1444a,1444b,1,-1,1,0,-1,0,1,0,3,1
144,1491a,1123c,0,0,-3,0,-3,0,0,0,-1,0
145,0898b,0323c,0,1,0,0,-1,0,2,0,2,1
146,1323a,1323b,1,1,-1,1,-1,0,2,1,0,0
147,1417c,0496a,0,-2,-3,0,3,0,-1,0,0,-1
148,1171b,0348c,0,-1,3,1,1,0,-1,-2,0,0
149,1498a,1498b,1,-2,0,0,0,2,0,1,1,0
150,1543b,0318b,0,1,-1,0,2,2,0,1,0,0
151,1152a,1152c,1,3,4,-1,1,0,0,-1,1,1
152,0594b,0594c,1,0,-4,-2,-1,0,-2,0,0,0
153,1511b,0401c,0,-1,-2,-1,-1,2,-1,0,-2,0
154,1131a,1460b,0,-1,-1,0,-2,0,-1,-1,-3,0
155,1164a,1164b,1,0,0,-1,0,1,-1,0,0,0
156,1520c,0569a,0,1,0,1,1,-1,-1,0,-2,0
157,1374c,1374a,1,0,-2,1,-2,0,-2,0,-1,0
158,0564a,0564c,1,2,0,0,-1,1,2,3,-1,-1
159,1284a,1551c,0,0,-3,0,-3,0,0,-2,2,0
160,0969a,0969b,1,0,2,0,0,0,1,0,0,0
161,1426b,1146b,0,0,1,0,-3,0,0,-1,3,0
162,1430b,1140b,0,1,1,0,-2,1,1,-1,1,1
163,0333b,0333c,1,-1,-1,0,-1,0,2,0,0,0
164,1267c,1267b,1,-1,-2,0,-2,0,0,0,0,-1
165,1501c,1501b,1,-3,0,0,-2,-2,1,0,2,0
166,1261b,0515a,0,2,3,0,-3,0,0,-2,0,1
167,1366a,1366c,1,3,0,0,0,0,-1,0,0,1
168,0475a,0327b,0,0,0,0,1,1,0,1,1,0
169,0381b,0521b,0,2,0,0,0,1,2,0,4,0
170,0319a,0319c,1,0,4,1,0,0,1,1,0,0
171,1240a,1451b,0,-2,-1,0,0,0,-1,0,-2,0
172,0381a,0381b,1,-2,-1,0,3,0,-1,0,-1,0
173,1329c,0348b,0,-1,0,0,-1,2,1,3,-2,1
174,1134a,1134b,1,-1,-4,0,2,0,0,1,-2,0
175,0472b,0472c,1,0,0,0,-1,0,-1,-2,0,0
176,1430a,1504c,0,2,0,0,0,0,2,3,1,1
177,1224c,1224b,1,-1,-4,-1,-3,-1,-2,-2,-2,0
178,1477b,1477c,1,-2,0,0,-1,-2,0,-1,1,0
179,1533c,1533a,1,-2,-1,1,0,0,-1,0,-2,-1
180,1494a,1494c,1,-2,-4,0,-2,0,-1,-3,-2,0
181,1423a,0373c,0,0,1,0,-2,0,-1,1,-3,-1
182,0340b,0340c,1,0,4,0,0,0,0,0,0,0
183,0405c,0405b,1,0,0,0,-3,2,0,1,1,-1
184,0489b,1064c,0,0,-4,0,-1,2,1,1,3,1
185,0525a,0556b,0,1,0,1,2,2,-1,0,0,0
186,1375c,1375a,1,2,4,0,-1,0,0,0,-3,0
187,1164c,1240b,0,2,0,0,2,2,2,0,-1,0
188,1545a,1545b,1,-2,0,0,0,2,0,1,1,0
189,0373b,0567b,0,1,-1,0,1,0,-1,-1,-2,0
190,1363b,1363c,1,0,0,1,0,0,0,0,1,0
191,1336a,1336b,1,-3,0,0,-1,0,-1,0,-4,0
192,1504b,1504a,1,2,1,0,2,-1,1,-3,4,0
193,1516a,0532b,0,0,-1,0,-3,2,0,1,0,1
194,1465b,1465c,1,-1,-1,1,-1,0,-1,1,0,0
195,0571b,0571a,1,-2,-3,0,-3,0,-1,0,-1,0
196,1358a,1358c,1,-1,-3,0,0,-1,-1,-1,3,0
197,0594a,0594b,1,3,2,1,-3,0,2,1,1,0
198,0374c,0374a,1,0,-1,1,3,0,1,0,-3,0
199,1237b,1237c,1,1,-1,1,-1,0,0,0,-1,0
200,1137b,1137c,1,1,-1,0,0,0,-1,0,-3,0
201,0561a,1330c,0,1,0,0,1,0,-1,-1,-2,0
202,1417c,1417b,1,-2,-3,0,3,0,-1,1,-1,-1
203,0317a,0317b,1,1,-3,0,2,0,-1,-1,-1,-1
204,1191b,1191c,1,0,0,-1,-2,0,-2,-3,-1,0
205,0562c,1140c,0,1,-4,0,1,0,0,0,1,0
206,1512b,1207c,0,-1,-1,0,-1,0,0,-1,-2,1
207,1329c,0386a,0,-1,-1,0,0,2,0,0,0,0
208,0477a,0313b,0,0,0,1,-1,0,-1,0,0,0
209,0507b,0507c,1,-3,-3,0,2,0,0,1,3,0
210,0600a,0600c,1,-1,0,0,-3,0,-1,-1,3,0
211,0576c,0576b,1,1,3,0,-2,2,0,-3,2,0
212,0969c,0969b,1,1,4,0,2,0,1,1,1,1
213,0337b,1483c,0,2,3,0,2,2,1,3,3,1
214,1451c,0365b,0,-2,-1,0,-3,2,0,0,-2,1
215,1212a,0455c,0,-1,0,0,-3,-3,1,-1,1,-1
216,1196a,1196c,1,-1,0,0,2,0,-1,-1,-2,-1
217,0544a,0544c,1,-1,-3,0,-3,0,0,-2,1,0
218,1432c,0434b,0,1,-2,0,0,0,0,0,2,0
219,1253c,0431a,0,-1,-2,-1,-1,1,0,-3,-2,0
220,0600a,1236c,0,1,0,0,-1,0,-2,0,2,0
221,1181b,1259a,0,1,-3,0,2,0,-2,0,-3,0
222,1165b,0311a,0,-1,-1,0,1,0,1,-2,-1,0
223,0537a,0916a,0,2,0,0,3,2,0,0,0,1
224,1450c,0383a,0,3,-1,1,-1,0,0,0,-1,0
225,1257a,0587b,0,2,0,0,2,0,0,-1,3,1
226,1497a,1538c,0,0,2,0,0,0,1,0,3,0
227,1302a,1302c,1,0,0,0,0,0,0,0,-3,0
228,0517c,0517a,1,-2,1,0,3,-2,2,2,1,-1
229,1253a,1421b,0,0,-1,0,-3,0,0,1,0,1
230,1320b,1320c,1,1,-1,0,0,0,-1,0,-3,0
231,1447a,1447c,1,1,0,1,2,0,-1,-1,-2,0
232,0357a,0357c,1,3,2,0,0,2,1,2,2,1
233,1448a,1448c,1,-1,-3,0,-3,0,-1,-1,-1,-1
234,1374b,1374c,1,-2,1,0,0,0,1,2,-1,-1
235,0450c,0450b,1,0,-1,0,-1,0,-1,0,-1,0
236,1417b,1417a,1,2,3,1,0,0,0,-1,0,0
237,1219a,1219b,1,1,1,0,1,0,0,0,-3,0
238,1329a,1329c,1,1,0,0,3,0,-1,-2,3,0
239,1360b,1360a,1,-1,-1,1,-2,0,0,0,0,0
240,1375b,1375a,1,0,4,0,2,0,0,0,0,0
241,0367a,0367c,1,-1,0,0,-3,0,0,0,3,0
242,1481a,0532c,0,1,-1,0,-2,0,-1,0,1,0
243,0422b,0422c,1,0,4,0,0,0,0,0,0,0
244,0434b,0544b,0,-1,3,0,-3,0,-1,0,0,0
245,1430b,0457c,0,1,-1,0,1,1,0,0,0,0
246,0496c,0496d,1,1,3,0,2,0,0,0,0,1
247,1373a,0969b,0,1,4,0,2,0,1,1,-1,1
248,0472a,1567b,0,0,0,1,1,0,1,0,0,0
249,1546b,1546a,1,2,0,1,-3,-2,2,-1,1,1
250,0600a,1498b,0,0,0,0,-1,2,-1,0,2,0
251,1394c,0530a,0,1,-2,0,0,0,-1,0,-2,-1
252,0440c,0540c,0,1,3,1,-4,2,-1,0,1,0
253,0368b,0368c,1,0,-1,1,1,-2,-1,-1,0,0
254,0307b,0307c,1,2,-1,0,-1,0,0,-1,-1,0
255,0539b,0539c,1,1,0,0,0,-2,0,-3,2,0
256,1454b,1543b,0,0,0,0,1,0,0,0,0,0
257,1180b,1180c,1,-1,-3,0,0,0,-1,1,-2,-1
258,0376c,0376b,1,1,-1,0,-2,3,1,1,2,1
259,0314a,1259b,0,0,1,0,-3,0,0,0,-1,0
260,1490c,1495a,0,-2,0,1,0,0,1,0,-1,0
261,1221a,1429a,0,2,2,0,-2,0,0,1,1,1
262,1294b,1294c,1,-2,1,0,-3,0,-3,-1,3,0
263,1531b,1495a,0,0,0,1,0,0,0,1,0,0
264,1516a,1516b,1,0,-1,0,-1,0,1,1,0,0
265,1472c,1303c,0,-1,-4,0,3,0,0,1,-3,0
266,0489c,1329c,0,1,0,0,1,0,0,-2,2,-1
267,1234a,1495c,0,2,3,0,3,2,0,-1,1,1
268,1458a,1458c,1,-1,-3,0,0,0,0,1,1,0
269,1236a,1236b,1,0,-4,0,3,0,0,-1,3,0
270,0544b,0544a,1,2,0,0,3,0,1,0,-1,1
271,0911b,0911c,1,-1,-1,-1,-2,0,-1,-1,-1,-1
272,0350c,0911c,0,0,-4,-1,-3,-1,-2,-3,0,0
273,0552a,0411c,0,0,0,0,-3,0,1,1,-2,-1
274,0359a,0359b,1,-1,-1,0,0,0,0,-3,2,0
275,1119a,1119b,1,0,0,0,-3,-2,-1,0,0,0
276,1491a,1097a,0,0,-1,0,0,0,0,1,-1,0
277,1204b,1383c,0,1,0,0,2,1,1,-2,2,1
278,0302a,0460c,0,0,-4,-1,0,-2,0,-1,0,-1
279,0359a,1307a,0,1,0,0,-3,0,0,0,1,1
280,1197a,1197b,1,1,4,0,-1,-2,-1,1,-4,0
281,1289a,1289c,1,1,0,0,-3,0,1,-1,-1,0
282,0489b,0489a,1,0,-4,-1,0,0,0,2,2,0
283,0307a,0536b,0,1,0,0,1,0,0,0,1,0
284,1455a,1455b,1,1,0,0,-1,0,0,1,2,0
285,0351a,0351b,1,0,1,-1,-1,-1,0,-1,0,0
286,1483c,0357c,0,1,-1,0,0,0,-1,0,0,0
287,1446a,0503a,0,-1,0,0,3,0,-1,1,0,0
288,1551a,1551c,1,-2,-3,0,-3,0,0,0,1,0
289,0334a,0334c,1,1,-4,0,-3,2,1,0,0,0
290,0547a,1430c,0,2,2,-1,-2,0,-1,0,-2,0
291,1140c,0535a,0,0,0,0,1,0,-1,-2,0,1
292,0302a,0302b,1,0,-2,-1,-3,-3,-1,-2,-3,-1
293,1543b,1543c,1,1,0,0,1,0,0,1,-2,1
294,0969a,0969c,1,-1,-2,0,-2,0,0,-1,-1,-1
295,0496f,0507c,0,-1,0,0,-1,0,1,1,1,0
296,0522b,0522c,1,-1,0,-2,-2,2,0,0,1,0
297,1329b,1329c,1,1,0,0,3,0,0,0,0,0
298,1540b,1540c,1,0,-1,0,0,0,0,0,3,1
299,0365a,1398c,0,-2,1,0,0,0,0,-2,0,1
300,0421c,1465c,0,0,-2,1,-1,0,0,1,-1,-1
301,1463b,1463c,1,2,-1,0,3,0,-1,0,0,0
302,1449c,1374a,0,-2,-1,1,-2,-2,0,2,-2,-1
303,1451b,1273a,0,2,-1,0,3,2,1,2,3,0
304,1135b,1495a,0,1,0,1,-3,0,2,1,-2,0
305,0516a,1253c,0,0,0,1,-2,-2,1,0,3,0
306,1422a,1176a,0,1,4,-2,-1,-2,0,0,0,0
307,0560a,1431a,0,-1,3,0,-3,-2,1,-3,3,0
308,0363c,1167a,0,1,-1,0,0,0,0,3,-4,0
309,0351c,0459b,0,-1,0,0,0,0,-1,0,-1,0
310,0338a,0338c,1,2,3,0,-3,0,1,-1,-1,1
311,1268a,0514c,0,-1,0,1,-2,-2,0,0,3,0
312,0584a,0584c,1,1,0,0,1,0,0,0,-1,0
313,1425c,0571c,0,0,4,0,0,2,0,0,0,1
314,0434c,0434a,1,-3,1,0,0,2,0,-3,3,0
315,1325a,1325c,1,2,-3,0,-3,-1,-1,-1,-1,0
316,1282c,0549b,0,1,0,2,1,0,-1,-2,-2,0
317,0563a,0563c,1,0,-3,0,0,0,-1,0,0,-1
318,0550a,0550b,1,0,4,0,3,0,0,0,-4,0
319,1546a,0460c,0,-1,-3,-2,2,0,-1,-1,1,-1
320,1271c,1440b,0,0,-3,2,2,2,0,2,-2,1
321,1431c,1431a,1,0,0,0,0,0,2,-2,4,0
322,0496f,0496c,1,-1,0,0,-3,0,0,1,1,0
323,1450b,1450c,1,-1,2,0,2,0,2,-1,0,0
324,1378b,1378c,1,2,0,0,0,0,1,1,1,0
325,0403c,0403a,1,-1,0,-2,-1,2,1,0,2,1
326,1484b,0330a,0,0,1,0,-1,0,-1,-1,1,0
327,1253a,1140c,0,1,-4,0,-2,0,1,3,1,0
328,1237c,0451c,0,1,1,-1,1,0,0,0,-1,1
329,1443c,0355b,0,-1,-3,0,1,2,-1,0,1,0
330,1490b,1547b,0,-1,0,0,2,0,0,0,0,0
331,0491a,1325c,0,1,-3,0,-2,0,-2,-1,0,-1
332,0565a,0565b,1,0,0,0,3,0,0,0,-2,0
333,1490c,1490b,1,-1,1,0,0,0,1,0,0,0
334,0351c,0351b,1,0,-1,0,-1,-1,0,0,-1,0
335,0516a,0516b,1,2,-1,1,-2,-2,1,0,2,0
336,1196b,1196c,1,-1,1,0,-1,0,-1,-2,-1,-1
337,0440c,0440b,1,1,3,0,-2,2,-1,-1,4,1
338,1335b,0463a,0,1,1,0,0,2,-1,0,-2,0
339,0350b,0350c,1,0,1,0,3,1,0,1,2,0
340,1431c,0324c,0,2,0,1,-1,0,1,1,1,0
341,1358a,1358b,1,-1,-3,1,0,-1,0,0,3,0
342,0555b,0555c,1,-2,1,0,-1,-1,0,0,-2,0
343,0365a,1335c,0,-2,1,0,-3,0,0,-2,0,1
344,1365c,0555c,0,-1,2,0,0,0,0,1,-2,0
345,0489c,0489a,1,0,-3,-1,1,0,-1,0,0,-1
346,0550c,0348b,0,1,-1,0,0,2,1,0,2,1
347,1122a,1494c,0,-1,-3,0,0,-2,-2,-3,-1,-1
348,1432c,1432a,1,0,-2,0,0,0,1,0,1,0
349,1382b,1366a,0,-1,0,0,0,-2,1,-1,-1,0
350,1268a,1268b,1,1,0,0,0,-2,0,-1,1,1
351,1222c,1391a,0,-3,-3,0,-3,0,-1,1,-1,-1
352,1451a,0334b,0,-1,4,0,3,0,0,-3,3,0
353,0328a,1271a,0,2,0,-1,0,2,2,-1,-2,1
354,1501c,0460c,0,-2,-3,-1,-1,-2,0,-1,1,-1
355,1167a,0368c,0,-3,1,1,-2,0,-1,-2,2,0
356,0550c,1328a,0,-1,-1,0,-1,0,-1,0,4,0
357,0531a,0531b,1,0,2,0,-2,0,1,0,1,0
358,0563c,1057b,0,0,4,1,-1,0,1,-1,2,1
359,0546c,1064c,0,1,-4,0,2,2,-1,1,0,1
360,0440a,0571c,0,1,0,-1,1,2,1,0,3,1
361,1129a,1129b,1,0,0,0,0,0,0,2,-3,1
362,1446a,1446c,1,-2,0,0,0,0,0,1,-1,0
363,1430a,1430c,1,2,1,0,-3,0,0,3,0,0
364,0471a,1198a,0,-2,4,-1,-3,0,1,0,-3,0
365,1502b,1039c,0,1,0,0,3,0,0,-3,3,0
366,0456b,0456a,1,-2,0,1,-1,0,0,0,-2,-1
367,0345a,1485a,0,-3,-3,0,0,-2,0,-2,0,0
368,0491c,0491a,1,0,1,0,-1,0,1,0,2,1
369,1267b,0456a,0,0,1,1,0,0,0,0,-2,0
370,0950b,1222a,0,-1,-1,1,1,-2,0,0,0,0
371,0363b,0916a,0,0,0,0,1,2,-1,-2,0,0
372,1468a,1405b,0,0,0,0,2,2,0,-1,-1,1
373,0323a,0323b,1,0,4,2,3,2,-1,2,1,1
374,0477a,0477b,1,0,0,0,0,0,-2,0,-2,0
375,1227b,1460a,0,1,0,0,2,2,-1,0,4,0
376,0517b,0517a,1,0,0,0,3,-2,1,-1,2,0
377,0551c,0551a,1,1,1,0,-1,-2,2,-1,-1,0
378,0550c,0440c,0,-1,-4,0,1,0,1,0,0,0
379,1309a,1309c,1,-1,0,1,-1,2,1,0,0,1
380,0355c,1411c,0,1,0,0,-2,0,-2,0,-1,0
381,1120a,1445b,0,0,0,0,1,0,0,0,2,0
382,1442b,0334b,0,0,2,0,3,0,0,-2,3,0
383,0923a,1240b,0,1,0,0,0,1,1,0,-1,0
384,0552b,0552c,1,1,-2,0,3,0,0,0,-2,0
385,1532a,0521c,0,-3,1,-1,-1,2,-1,0,-2,-1
386,1416b,1416c,1,1,-4,0,-3,0,-1,0,-2,0
387,0463a,1443b,0,-1,0,0,-2,0,1,1,4,1
388,1155b,1155a,1,0,0,1,1,-2,0,0,2,-1
389,1513c,0510b,0,1,0,0,-3,1,-1,-2,-2,1
390,1491a,1119a,0,2,0,0,0,2,0,1,2,0
391,1268a,1551a,0,2,0,0,0,-2,0,-3,1,0
392,1377a,1377c,1,0,1,1,1,-2,0,0,-1,0
393,0565a,1465a,0,-1,-3,0,3,0,0,-2,-1,0
394,1417a,0517b,0,-2,1,-1,-3,2,2,1,0,0
395,0451a,1341c,0,0,0,0,-2,0,-1,-1,-4,0
396,0422a,0422b,1,-1,-3,0,0,0,-1,0,-3,0
397,1533b,0924c,0,1,-1,0,0,0,2,-2,3,1
398,1140a,1140b,1,3,4,-1,-1,2,0,0,1,1
399,1549c,1521b,0,-3,1,0,0,2,0,-2,1,0
400,1538a,1538c,1,1,-1,0,3,0,2,0,2,-1
401,1149c,0969a,0,-1,-1,0,2,0,-1,2,1,1
402,1099a,1099c,1,0,-3,1,1,-2,0,2,0,0
403,1398c,1319b,0,0,-3,-1,-3,0,0,0,0,-1
404,0432a,1448b,0,2,-2,0,0,0,0,0,1,0
405,1374b,1140c,0,-1,-3,0,-2,0,1,2,1,-1
406,1386a,1493a,0,-1,0,0,0,1,0,0,0,0
407,1155a,1155c,1,0,1,-1,2,0,1,1,-3,0
408,1429b,1429c,1,2,1,0,-3,-2,0,0,1,-1
409,1485b,1485c,1,-3,-3,0,0,0,-2,0,-1,-1
410,1146b,1146c,1,-1,0,0,0,0,-1,0,-3,0
411,1344a,1344c,1,-2,0,0,-3,0,1,-1,-1,0
412,1441b,1441c,1,1,-1,0,-1,-2,0,-1,1,1
413,0449c,1426a,0,-1,0,0,2,0,1,-1,-2,1
414,1492b,1492c,1,1,1,0,-3,0,-1,0,-2,0
415,0571a,0571c,1,1,4,0,2,2,2,0,0,1
416,0556a,0556c,1,2,0,1,0,0,-1,-1,4,0
417,1477a,1477b,1,2,-1,0,2,2,-1,1,-1,1
418,0892a,0892c,1,-2,-2,1,-1,0,1,-1,0,0
419,0472c,0537c,0,0,-1,0,-2,0,0,1,2,1
420,0535a,0535b,1,2,4,0,-1,0,0,1,-3,-1
421,1300a,1551a,0,1,0,0,1,0,0,-3,-2,0
422,0381a,1554c,0,-2,0,0,0,0,0,-1,2,0
423,1097a,0389c,0,1,2,0,0,0,0,-3,2,0
424,1236b,1164a,0,1,3,1,-2,0,1,0,-1,0
425,0532b,0532c,1,0,-1,0,0,-2,-1,0,-1,-1
426,1362c,1267b,0,1,-2,0,-2,0,0,0,1,0
427,0318c,1090a,0,1,2,0,2,0,1,0,3,1
428,1348c,0416a,0,0,2,-1,-3,-1,0,1,-1,0
429,1231a,1343b,0,-1,1,0,0,0,-1,0,-4,0
430,1222c,1222a,1,-2,0,1,-2,0,1,1,-1,-1
431,1549c,1409c,0,0,0,0,3,2,0,0,2,1
432,1323b,0460b,0,0,-3,0,2,0,-2,-2,0,0
433,1488c,1488b,1,1,-2,0,0,2,0,-1,0,1
434,0456a,0892c,0,-1,-1,0,0,0,0,-1,3,0
435,0354b,1377c,0,1,0,1,-2,0,0,1,1,0
436,1219b,1383b,0,-1,-2,0,-3,2,-1,-1,1,1
437,0556a,0569a,0,1,0,1,-1,-2,-1,0,1,-1
438,0456b,1408b,0,-1,0,1,0,2,-1,0,-1,0
439,0390a,0387a,0,0,-1,1,-2,1,1,-1,0,0
440,1114a,1511c,0,1,0,1,2,0,-1,1,0,0
441,1567c,1567b,1,-1,3,1,2,0,0,0,2,0
442,1039c,1039a,1,-1,3,1,0,2,-1,2,1,0
443,0434b,0434a,1,-2,4,1,-2,2,-1,-3,0,0
444,1450b,1450a,1,-1,1,0,0,0,1,-2,2,1
445,0594a,0594c,1,3,-2,-1,-4,0,0,1,1,0
446,0536b,1152c,0,1,0,0,1,0,1,-1,2,1
447,1504c,1504b,1,-3,0,0,-3,1,-1,0,-2,-1
448,0390c,0390a,1,2,0,0,0,0,0,0,1,0
449,1360a,1511b,0,3,0,0,0,0,0,0,0,0
450,0424a,0424c,1,-1,1,0,3,0,0,-3,-2,0
451,1366b,1366c,1,2,1,0,3,0,0,0,1,1
452,1446b,1446c,1,-2,0,0,-2,0,0,0,-1,0
453,0456b,0456c,1,-2,-1,0,1,0,-1,0,-2,-1
454,1426b,1426a,1,0,1,0,-1,0,-1,-1,2,1
455,0514c,1143c,0,2,0,-1,2,1,0,-3,0,0
456,1178b,1178c,1,1,-4,0,0,2,0,2,1,0
457,1335b,0474b,0,0,1,0,-3,0,-1,0,-1,0
458,1152b,1152c,1,2,1,0,0,0,2,-1,2,1
459,1426b,0597b,0,0,-3,0,-3,0,-2,0,1,0
460,1039c,1197a,0,1,0,0,-3,2,0,2,1,0
461,0366a,0366b,1,-1,3,-1,-1,-1,0,0,1,0
462,0560a,0536b,0,1,4,0,-2,-2,0,0,0,0
463,0321c,1341a,0,2,-1,0,2,0,0,0,0,0
464,1180b,0380a,0,0,-3,0,-3,0,0,-2,0,-1
465,0318c,0530a,0,1,-2,0,3,0,-1,-3,0,0
466,1328a,1328b,1,2,-1,0,2,0,1,-3,-2,0
467,0924a,1323c,0,1,2,0,2,-1,0,-2,2,1
468,0579a,1461c,0,-1,-4,0,0,0,1,0,-2,0
469,1531c,1421a,0,2,1,0,0,0,1,-2,-1,0
470,0419a,1260b,0,-2,0,0,0,0,1,-1,1,0
471,1426b,1426c,1,1,1,0,0,0,-2,-1,2,0
472,1517a,0597c,0,1,-3,0,1,0,0,-1,1,0
473,1144b,1319a,0,-1,2,0,0,0,0,-2,-2,0
474,0354b,0354c,1,2,1,1,-1,2,2,-2,2,0
475,0448b,0866c,0,-1,2,0,0,0,0,1,0,0
476,1253b,0357a,0,-3,-3,0,0,0,-2,-1,-2,-1
477,0472b,1417c,0,1,0,0,-3,0,-1,0,0,1
478,1284a,0338b,0,0,0,0,-3,0,1,1,1,0
479,0421a,0583c,0,0,1,1,1,0,1,1,0,0
480,1236b,0538a,0,1,3,1,-3,0,0,0,-4,0
481,1409a,1394c,0,0,2,0,3,-2,0,-3,2,1
482,0324c,0324a,1,1,-1,-1,4,1,0,-1,0,0
483,0461b,1226c,0,0,1,1,0,2,0,2,0,-1
484,1362a,0531a,0,1,-1,0,2,0,0,0,-3,0
485,1343b,1343c,1,2,1,0,-1,0,2,1,3,1
486,0363c,0363b,1,0,0,0,-1,0,1,3,-1,1
487,0472b,1458a,0,2,0,0,-3,0,-1,0,1,0
488,1377b,1377c,1,-2,0,1,-2,-1,-1,1,-3,0
489,0337b,0337c,1,0,0,0,2,0,1,2,1,0
490,0357b,0357a,1,-1,-3,-1,-1,-2,-1,0,0,0
491,0301a,0301b,1,0,-1,0,-2,0,-1,1,4,0
492,1455b,1455c,1,0,0,0,-2,0,0,-1,-3,0
493,0334a,0302c,0,-1,-1,1,-2,0,0,0,-3,0
494,1309b,1309c,1,1,1,1,2,2,1,0,-2,1
495,1471b,1471c,1,0,-1,0,0,2,1,-1,3,0
496,0413a,0421c,0,0,1,0,0,0,1,-1,0,0
497,0570c,1257a,0,1,3,0,-1,0,1,0,-2,0
498,1309a,0600b,0,0,0,0,-3,0,0,0,1,0
499,1471c,0457a,0,-1,-2,0,-3,-2,-1,1,0,0
500,0318c,0413b,0,2,1,0,0,2,1,-2,2,1
501,0351c,0351a,1,0,-2,1,0,0,0,1,-1,0
502,1193a,0924a,0,-1,2,0,0,1,1,0,-1,0
503,1328a,1367c,0,2,0,0,-1,0,3,0,-3,0
504,0885c,0555a,0,1,-3,1,-2,1,1,-3,-4,1
505,0365b,1447c,0,1,0,1,2,-2,0,-2,0,-1
506,0353c,1125b,0,0,1,-1,-3,-1,1,-1,-1,1
507,1424b,1424c,1,2,0,0,-3,-2,0,-1,-1,1
508,0335a,0335c,1,-2,0,0,2,0,1,0,-3,0
509,0456b,1091c,0,-2,-3,1,-1,0,0,0,-1,-1
510,1240a,1240b,1,0,-1,0,2,2,1,3,-2,0
511,0419a,0496e,0,-2,0,1,0,0,-1,0,-1,0
512,1445a,1445b,1,-2,0,0,1,0,0,0,3,0
513,1227b,0483a,0,1,-1,0,0,0,-1,0,3,1
514,0338b,0338a,1,0,-3,0,3,0,-2,0,2,0
515,0401b,0401c,1,1,-3,1,0,2,0,3,-2,0
516,0448b,0323c,0,1,2,0,-1,0,1,3,2,0
517,1343a,1343b,1,0,-1,0,0,0,-2,-1,-4,0
518,1374a,1271c,0,3,1,-2,-2,0,1,-2,2,0
519,1341a,1341c,1,-2,1,0,-2,0,0,-1,-2,0
520,1516a,1413a,0,0,-1,0,-1,0,-1,1,0,0
521,1336a,0445c,0,-2,-3,0,-1,2,0,0,-4,0
522,1429b,0328a,0,-1,0,1,-2,-2,-1,0,-1,-1
523,0555b,0555a,1,0,-3,1,-2,1,0,-3,-2,1
524,1124c,1086c,0,1,0,0,-1,2,-1,0,0,1
525,1552a,1191c,0,0,-4,0,-2,0,-1,-2,-3,0
526,1350a,0385a,0,3,1,0,-2,0,0,-2,2,-1
527,1475b,1417b,0,0,-3,-1,3,0,-1,0,0,0
528,1127a,1127b,1,-2,0,0,3,0,0,0,3,0
529,1521c,0343c,0,-1,1,1,0,0,-1,0,-3,0
530,0440b,0358b,0,2,-1,0,2,-1,0,0,-2,-1
531,1180a,1180b,1,1,0,0,2,0,0,0,0,1
532,1377a,1377b,1,2,1,0,3,-1,1,-1,2,0
533,1267a,1253a,0,-1,1,0,0,0,0,-1,0,-1
534,0405c,0405a,1,-2,0,0,1,0,-1,0,0,0
535,1408a,1408b,1,2,0,0,2,2,-2,0,1,1
536,1343a,1343c,1,2,0,0,-1,0,0,0,-1,1
537,0892a,0352c,0,-2,-4,0,0,0,0,-1,-3,0
538,0319a,0324a,0,2,2,0,0,1,1,0,-1,0
539,0496f,0496d,1,0,3,0,-1,0,0,1,1,1
540,0600b,0600c,1,-3,0,0,0,0,0,-1,1,0
541,0421b,0421c,1,1,0,0,0,-2,0,-1,-1,1
542,1260b,1260c,1,-1,-1,0,1,0,-1,0,-1,0
543,0333b,0333a,1,0,0,0,-3,0,2,-1,1,1
544,0387b,0387a,1,2,1,0,-1,0,0,-2,0,-1
545,0560c,0560a,1,-1,-3,0,0,2,-1,1,-3,0
546,1432c,1432b,1,-1,1,0,0,1,0,-1,-2,0
547,1180a,1180c,1,0,-3,0,2,0,-1,1,-2,0
548,0336a,0336c,1,-2,0,0,1,0,0,1,2,1
549,0372b,1363a,0,1,1,0,2,-1,-1,-1,-1,0
550,1510a,1257a,0,-1,0,0,-2,0,0,0,0,0
551,0411b,0411a,1,-2,1,0,1,0,1,-1,-3,0
552,1552a,1552b,1,1,-1,0,-2,0,1,0,0,1
553,0375a,1443c,0,3,-1,0,2,0,1,-1,2,1
554,0314a,0323b,0,-2,1,1,-1,2,-2,1,0,0
555,1222c,0492c,0,-2,1,0,-1,0,1,1,1,-1
556,1137a,1137c,1,-1,-1,0,-3,0,-1,0,-2,0
557,1120a,1493a,0,0,0,0,3,1,0,0,-1,0
558,0471a,0471c,1,1,4,0,-2,0,2,-1,-1,1
559,1260a,1260c,1,-3,-1,0,1,0,0,-1,3,0
560,1481b,1481c,1,0,0,0,-2,0,1,1,0,0
561,0539a,0539c,1,0,3,0,3,0,0,-2,2,0
562,0337a,0337b,1,-1,-3,0,0,0,0,0,-2,-1
563,1121b,1121c,1,1,0,0,0,0,0,0,2,0
564,1196a,1196b,1,0,-1,0,3,0,0,1,-1,0
565,1476a,1476c,1,0,-1,0,-3,2,-1,-1,0,0
566,1494a,1494b,1,-1,-1,0,1,0,1,-1,-3,0
567,0521a,0521b,1,1,0,0,1,1,0,3,0,0
568,1330b,1330c,1,1,1,0,1,0,0,-1,1,0
569,0896a,0896c,1,2,0,0,1,0,0,-1,-1,0
570,1237a,1209c,0,0,0,-1,-2,0,-1,-3,-3,0
571,1248a,0477a,0,0,0,0,2,0,1,1,4,0
572,0396c,0396b,1,1,0,1,-1,0,0,2,-1,0
573,1510b,1510c,1,-1,0,0,-1,0,0,1,-3,0
574,1489a,1552b,0,-1,0,0,0,0,1,-1,-1,1
575,1234a,1234c,1,1,3,1,1,0,-1,0,1,0
576,1254c,1254b,1,-1,0,1,-2,0,0,0,-2,0
577,1465a,1465b,1,3,3,0,-1,0,1,2,0,0
578,0553b,1497c,0,0,1,0,-3,-2,0,-2,-3,-1
579,1219b,1219c,1,0,-4,1,-1,0,-2,0,2,0
580,1409b,1409a,1,-2,-3,0,0,2,1,3,-3,0
581,1444b,0375b,0,0,-3,1,0,2,0,0,-2,0
582,1370a,1370c,1,-1,0,0,2,-2,0,-1,0,0
583,1481a,1237a,0,1,0,1,0,0,0,0,2,0
584,1501b,1501a,1,2,-2,0,2,0,-2,0,-3,-1
585,1463a,1441a,0,1,0,0,-1,0,0,-1,0,-1
586,1167a,1171a,0,-1,0,0,-3,0,-1,0,4,0
587,1255a,1441a,0,0,0,0,-1,0,0,-1,-1,-1
588,1230a,1230b,1,-1,0,1,-3,0,0,-1,0,0
589,1144b,1447b,0,0,-2,0,0,0,0,-1,1,1
590,0314b,0314c,1,-1,-1,0,-3,0,2,0,2,0
591,0459b,1181b,0,0,-1,1,-2,0,2,0,3,0
592,1402a,1236b,0,-1,-3,0,1,0,-1,-1,3,0
593,0323c,0323b,1,-2,0,1,0,0,-2,-1,-1,0
594,1531c,1531a,1,1,1,0,0,0,0,1,-1,0
595,0496f,0496a,1,-1,0,0,0,0,-1,0,0,0
596,1552b,1552c,1,-1,0,0,2,0,0,0,-2,-1
597,1253a,0950a,0,1,-1,0,-3,2,0,1,0,1
598,0317a,0317c,1,1,1,0,0,-2,-2,0,-1,-1
599,0352c,1500a,0,0,0,0,-3,0,0,0,0,0
600,0597c,1325c,0,0,0,0,-3,0,-1,0,-1,0
601,1352b,1352c,1,0,-1,0,3,0,0,1,-1,0
602,1508c,1544a,0,-2,0,0,1,-2,0,-3,-4,0
603,0896a,1431c,0,0,0,0,-2,0,0,-1,-1,0
604,1512b,1336c,0,2,-1,0,0,0,-1,0,0,0
605,0562c,1465c,0,2,-2,1,1,0,-1,0,0,0
606,1517a,1517c,1,-1,1,0,1,0,0,-1,-2,0
607,0457a,0457b,1,1,-1,1,2,2,0,0,0,1
608,1445b,1445c,1,0,0,0,2,0,-1,0,0,0
609,1267a,1267b,1,0,-1,0,-2,0,0,2,1,-1
610,0469b,0469c,1,1,2,0,1,0,0,-2,1,0
611,1513b,1513c,1,1,-1,0,3,1,1,-1,1,0
612,0570c,0577c,0,2,3,0,0,0,-1,0,1,0
613,1267b,1181b,0,0,1,1,0,0,1,-1,1,0
614,0552a,0552c,1,1,-1,0,0,0,0,1,0,-1
615,1090c,1090a,1,-2,0,0,2,0,1,0,0,1
616,1240b,0317a,0,0,0,1,-1,0,0,-1,1,1
617,0324b,0324c,1,-1,0,1,-1,-2,0,1,-2,-1
618,0561a,1531c,0,-1,0,0,3,0,-2,-1,-1,0
619,1134a,1294c,0,-1,0,0,0,0,-1,0,0,0
620,0351c,1498a,0,1,-1,0,-1,0,0,0,0,0
621,1432a,1432b,1,-1,3,0,0,1,-1,-1,-3,0
622,1408c,1271b,0,-3,-3,-1,-2,0,0,-1,-1,-1
623,1504c,1408a,0,-3,0,1,-3,0,0,0,-1,-1
624,0477a,0413a,0,1,0,0,0,0,-2,0,-1,1
625,0368b,1198a,0,0,0,-1,-1,-2,0,1,-2,0
626,1413a,1405c,0,0,-2,0,1,0,1,0,0,0
627,0334b,1551b,0,1,-1,0,0,0,1,2,0,1
628,1090a,0354c,0,1,0,1,0,2,0,-3,-1,-1
629,0924a,0924b,1,1,2,0,0,1,0,0,2,1
630,1204b,1504a,0,1,1,0,2,-1,2,-3,4,0
631,1500a,1500b,1,3,2,0,4,2,1,-1,1,1
632,1231a,1231c,1,0,-2,0,-3,0,0,0,-3,0
633,0302c,0302b,1,1,-1,-2,-2,-1,0,-3,-1,0
634,0535a,0535c,1,1,2,0,-2,0,1,-1,-2,-1
635,0365b,0373c,0,-1,1,0,0,-2,-1,-1,-2,-1
636,0306b,1271a,0,1,0,-1,0,2,1,-1,-2,1
637,0570c,0570a,1,1,3,1,-2,2,0,-1,-2,0
638,1231b,1231c,1,-1,-4,0,-3,0,0,-1,-2,0
639,1091b,1091a,1,-2,0,-1,-4,0,0,-1,-3,-1
640,1268a,1268c,1,0,0,0,-3,-2,-1,0,0,0
641,1152b,1140c,0,0,-3,0,-1,0,2,0,2,0
642,1461a,0594b,0,1,0,1,-2,0,0,0,-2,0
643,1365a,0340c,0,2,4,0,2,0,0,0,0,0
644,0337a,0405b,0,1,1,0,-1,2,0,3,1,-1
645,0597c,0597a,1,-2,0,-1,0,0,-1,-2,0,1
646,0873a,1091a,0,-1,1,-2,-2,0,0,0,-4,0
647,1413b,1413c,1,-1,-3,0,-3,0,-1,-1,0,0
648,1257a,1155a,0,1,0,1,0,0,0,-1,3,0
649,1131a,1131b,1,-1,1,0,0,0,-1,0,-3,0
650,0491b,0491a,1,0,0,0,-1,0,0,1,-2,1
651,1430a,1173c,0,1,-1,0,-3,2,1,3,1,0
652,1309a,1344a,0,-1,0,0,0,0,-1,0,-1,0
653,0348b,1406b,0,0,1,1,0,0,-1,-2,0,-1
654,1486a,1486b,1,-1,0,0,0,0,-1,-1,-3,0
655,1512b,0923c,0,1,-1,0,-2,0,-1,0,-4,0
656,0535b,0453c,0,-1,-1,0,0,2,1,0,2,1
657,0496a,1363a,0,3,4,0,-1,0,0,-1,-1,0
658,1546b,1546c,1,0,1,0,0,-2,2,-1,0,0
659,0431c,0431a,1,-1,-2,0,-3,1,0,-1,1,0
660,0405a,0463a,0,2,-1,0,0,2,0,-2,-2,-1
661,1520c,1334c,0,-1,-3,0,0,-1,-1,-1,-1,0
662,1365c,1365a,1,-1,-2,0,-2,0,1,1,-1,0
663,1360b,1360c,1,2,-1,0,-2,1,0,-1,1,1
664,1370b,1370c,1,-2,-1,0,-1,0,0,-1,2,0
665,1208a,1208c,1,0,3,0,0,-2,1,-3,0,0
666,0496c,0496a,1,0,0,0,3,0,-1,-1,-1,0
667,0347a,0347b,1,1,3,1,3,0,1,-1,4,0
668,0585b,0585c,1,3,0,2,1,0,2,0,4,0
669,1174a,0440a,0,-1,1,1,-1,0,1,0,0,0
670,1491a,1282b,0,1,-1,0,-3,0,0,1,1,0
671,0459b,1363b,0,2,-1,0,-1,2,1,1,1,1
672,1502b,1204a,0,3,4,0,3,0,0,-1,4,0
673,0560c,0560b,1,1,0,0,0,0,-1,0,0,1
674,0353b,0525b,0,0,-2,1,1,0,-1,1,-1,-1
675,0354a,0555a,0,1,-3,1,2,2,-1,-3,0,1
676,1408c,0347a,0,-2,-3,0,-3,0,-1,-1,-2,0
677,0404c,1098a,0,0,1,1,2,2,1,-1,3,1
678,1486b,0969a,0,0,-2,0,-1,0,1,0,2,1
679,0911b,1312a,0,0,1,1,-1,2,0,1,-1,0
680,0355c,0355b,1,0,-3,0,1,2,-1,-1,0,1
681,1252b,1252c,1,1,0,0,3,0,0,0,0,1
682,1252a,1252c,1,2,-1,0,3,0,1,-1,2,1
683,1405b,1405c,1,-1,-2,0,0,-2,0,1,0,-1
684,1521c,1521b,1,-3,0,0,-1,2,0,-2,-3,0
685,1219a,1219c,1,1,-3,1,0,0,-2,0,-1,0
686,1447a,0544a,0,2,0,0,3,0,-1,1,-1,1
687,0496c,0496e,1,1,3,1,2,0,-1,0,-1,0
688,1335a,1309b,0,0,-1,0,-3,0,1,0,1,0
689,0396c,1219a,0,0,0,0,-1,0,1,3,2,0
690,0550c,1036b,0,0,-2,1,-1,0,0,0,4,0
691,0460b,1197b,0,1,4,-1,-4,0,0,3,-1,0
692,1144b,1144c,1,0,1,0,-2,0,1,1,2,0
693,1271a,1271b,1,-2,-3,-1,0,0,-1,0,1,-1
694,1134b,0496a,0,0,0,0,1,0,-1,-1,0,0
695,1450a,1450c,1,0,1,0,2,0,1,1,-2,-1
696,1302b,1302c,1,1,0,0,-3,0,0,0,-1,0
697,0365a,0365b,1,-2,1,0,-3,2,0,0,-1,1
698,1492a,0496a,0,-2,-3,0,3,0,-2,-1,-2,0
699,1230a,1230c,1,-2,-3,0,-3,0,0,0,1,0
700,1123b,1123a,1,-2,1,-1,-1,2,1,0,-1,1
701,0440c,0440a,1,1,4,1,-2,0,-1,0,0,0
702,1413a,1413b,1,2,0,0,1,0,2,0,-1,0
703,1134a,1134c,1,0,-1,0,3,0,0,-2,-4,0
704,0539a,0539b,1,-1,3,0,3,2,0,1,0,0
705,1121a,1121c,1,1,0,0,3,0,0,0,0,0
706,1424a,1531c,0,0,3,0,0,0,-1,0,0,0
707,1497a,1497c,1,-2,4,0,-3,0,0,-2,-1,0
708,1329c,1220b,0,0,0,0,-1,0,-1,2,-2,1
709,0597c,0597b,1,-1,0,0,-3,0,-1,1,-2,0
710,1361b,1361a,1,0,-4,0,3,2,0,-3,1,0
711,1181b,0547c,0,1,-1,-1,-1,0,0,-1,-1,1
712,1234b,1234c,1,1,-1,1,-1,0,0,0,2,0
713,0569c,0569b,1,1,1,0,-2,0,1,2,2,0
714,1284b,1284c,1,-2,0,0,3,-2,1,-1,-1,0
715,1460a,1460b,1,0,-1,0,-2,-2,0,-1,-3,0
716,1510c,1510a,1,1,0,0,1,0,1,0,0,0
717,1099c,0580b,0,1,3,0,0,0,0,-3,0,0
718,1086b,1086c,1,-2,0,0,0,2,1,0,-2,0
719,0349b,0551a,0,-2,0,0,2,0,2,2,-2,0
720,1482b,1482a,1,-1,-3,0,0,0,0,-2,-1,0
721,1534c,1201b,0,1,1,0,0,0,-2,0,-1,0
722,1518c,1257b,0,-1,-3,0,0,0,-1,0,-2,0
723,0424a,1485b,0,1,1,0,0,0,1,-1,-1,1
724,0396c,1231a,0,2,-1,0,0,0,0,2,2,0
725,1382b,1382a,1,0,1,0,0,-2,0,-1,-3,0
726,1364a,0471b,0,2,1,0,2,-1,0,0,1,0
727,1360a,1312a,0,2,-1,0,0,2,0,-1,0,1
728,1260a,1260b,1,-2,0,0,0,0,1,-1,4,0
729,0375a,0375b,1,2,-3,1,2,2,0,0,2,1
730,1194a,1194b,1,1,-3,1,0,0,-1,1,1,-1
731,1368b,1198b,0,2,1,0,-2,0,2,1,2,1
732,0440a,0466c,0,-1,-1,-1,0,0,1,-2,4,1
733,0597c,0557c,0,0,3,0,0,0,1,1,-1,1
734,1402a,1097a,0,-1,-1,0,1,0,-1,0,-1,0
735,1210a,1408b,0,-1,0,1,-1,0,-1,2,0,0
736,0314b,1087a,0,-1,-2,0,-1,0,1,0,0,1
737,1134a,1231c,0,1,-4,0,0,0,0,0,-3,0
738,1091c,1091a,1,-1,3,-2,-2,0,0,-3,-2,0
739,0537b,0556b,0,2,-1,0,2,0,0,0,3,1
740,1236a,0492c,0,1,0,0,2,0,1,0,2,0
741,0368b,1485b,0,3,-1,0,0,-2,1,0,0,1
742,1431a,0460c,0,1,-3,-1,2,0,-1,1,-1,0
743,0451a,0451b,1,0,0,0,-3,2,-1,-1,-2,1
744,0587b,0587c,1,-1,-3,1,-3,0,-2,0,-3,-1
745,0373a,0373c,1,0,0,0,-3,-2,-1,-1,-2,0
746,1444a,0969c,0,-3,-3,0,-3,0,1,-2,0,0
747,1567c,0302a,0,0,4,0,3,2,0,-1,1,1
748,0457a,0547a,0,0,1,1,2,0,0,0,0,0
749,1267a,0551a,0,0,0,0,-1,0,2,1,-1,-1
750,1483a,1334c,0,-1,-3,0,0,0,0,-1,1,0
751,1554a,1180c,0,0,-3,0,2,0,-2,0,-2,0
752,0319c,0319b,1,1,-1,-1,-1,0,-1,0,0,1
753,1468a,1468b,1,-2,0,0,0,0,0,-1,-3,0
754,1374b,0507c,0,-2,-3,0,-1,0,1,2,1,-1
755,1335a,1335c,1,0,0,0,-3,0,1,-2,0,1
756,0316b,0316a,1,0,0,-1,0,0,-1,1,2,0
757,1252c,0521c,0,-2,1,-1,-1,2,0,0,-2,-1
758,1271b,1271c,1,3,3,0,-2,-2,0,-1,1,0
759,0517c,1449c,0,0,0,0,3,0,-1,1,0,0
760,1236a,0492b,0,1,0,0,3,0,1,-1,0,0
761,0458a,1284b,0,1,0,0,-3,2,0,1,-1,0
762,1086b,1253c,0,-2,1,1,-1,0,0,1,0,-1
763,0422a,1393a,0,-1,-3,0,0,0,-1,0,-4,0
764,1367b,1367c,1,0,0,-1,-2,0,1,0,0,0
765,1543a,1137b,0,0,0,0,-3,0,1,0,4,0
766,1451a,1451c,1,1,4,0,3,0,0,0,4,0
767,0363c,1552a,0,-2,1,0,-1,0,0,2,-1,0
768,1402a,1402b,1,1,-1,0,-2,2,-1,-1,0,0
769,1221a,1405c,0,1,1,0,0,0,0,2,0,0
770,0353b,0353c,1,1,-1,0,0,0,-2,1,1,-1
771,0379c,0492b,0,0,1,0,2,0,1,-1,0,0
772,0413a,0413b,1,0,0,0,-2,2,2,-2,-1,0
773,1229b,1441b,0,-1,1,0,3,2,0,0,0,0
774,1406a,0401b,0,-1,2,0,1,0,-1,-3,0,0
775,1208a,1253b,0,0,3,0,-1,-2,1,-1,1,1
776,0488b,0517c,0,1,-1,-1,-3,2,-1,-3,-2,1
777,1134b,1134c,1,1,3,0,1,0,0,-3,-2,0
778,1254c,0301a,0,0,1,0,0,0,0,0,-3,0
779,0359a,0544b,0,0,0,0,-3,0,-1,0,2,0
780,1137a,1137b,1,-2,0,0,-3,0,0,0,1,0
781,1421a,0376c,0,-1,-1,1,0,-1,0,1,0,0
782,0531b,0531c,1,1,-4,0,2,0,-1,0,-1,0
783,1119a,1329b,0,0,0,0,-3,-2,0,-3,1,0
784,0522b,0556a,0,0,0,-1,1,2,0,0,0,1
785,0301b,0546b,0,-2,0,0,-1,1,0,0,-1,0
786,1458a,1149b,0,-2,-3,0,0,0,0,0,1,0
787,1153a,1153b,1,0,-3,0,-2,0,0,-1,-2,0
788,1180c,1323a,0,0,4,0,-1,0,0,-2,0,0
789,1229b,1229c,1,-1,0,1,3,0,0,-1,0,0
790,1300a,1300b,1,-1,0,0,1,0,1,0,-1,0
791,1374b,1374a,1,-2,-1,1,-2,0,-1,2,-2,-1
792,1493a,1493b,1,0,-3,0,0,-1,0,-3,0,0
793,1364b,1374c,0,0,1,0,3,0,1,1,-2,0
794,0547a,0547c,1,1,0,-1,-2,0,1,-2,0,1
795,1336b,1336c,1,3,0,0,3,0,0,0,4,0
796,1307a,1307b,1,-2,-3,0,3,0,-1,-1,0,-1
797,1086b,0315a,0,-2,-3,1,-1,0,-1,1,-3,-1
798,0355a,0355b,1,2,-2,0,3,2,1,-1,2,1
799,1314a,0352c,0,-2,-3,0,0,0,-2,-1,1,0
800,1565a,1565b,1,0,3,0,0,2,0,0,-1,0
801,0385c,0385a,1,2,2,0,-2,-1,-1,-1,1,0
802,1350a,0387b,0,1,-1,1,-1,2,2,1,0,0
803,1521a,1521b,1,-1,1,0,-3,2,0,-2,-2,0
804,1402a,0368b,0,-1,1,0,-2,2,-1,-1,1,0
805,1325a,1325b,1,3,0,0,-1,-1,0,-1,-1,1
806,1492a,1129a,0,-2,0,0,3,0,-1,-3,-1,0
807,1489b,1489c,1,0,-3,0,3,0,0,0,1,0
808,0859a,0387b,0,0,-2,1,2,2,-1,0,1,1
809,1518c,1518a,1,0,-1,0,-3,0,-1,0,0,0
810,1309b,1426c,0,1,2,0,3,0,-1,-1,-2,0
811,1039c,0319b,0,1,3,0,-1,0,-1,3,-1,1
812,1432c,1257a,0,0,1,0,-2,0,1,0,-1,0
813,1382c,1382a,1,0,2,0,0,0,0,-1,-2,0
814,1230c,1230b,1,1,3,1,0,0,0,-1,-1,0
815,0365a,0365c,1,0,-2,1,-3,2,1,-1,-1,1
816,0380a,0380b,1,0,1,-1,0,-1,0,3,-1,0
817,0550b,0892a,0,2,0,0,-1,0,-1,0,4,0
818,1416a,1181a,0,0,1,0,3,0,0,0,2,0
819,1231a,1231b,1,1,2,0,0,0,0,1,-1,0
820,0564b,0455c,0,-1,1,0,-1,-3,1,-2,0,-1
821,1303c,1086b,0,3,3,0,-1,0,0,-1,4,1
822,1409b,0525a,0,0,-1,0,0,0,2,2,0,1
823,0381b,0451c,0,2,1,0,-1,0,1,0,2,1
824,0477a,0461a,0,-1,0,0,-2,2,-1,0,0,0
825,1146a,1090a,0,-2,4,0,-1,0,1,1,-1,1
826,1485a,1485c,1,0,0,0,-3,0,-1,1,-1,0
827,1433a,1433b,1,-1,1,0,-3,2,0,1,-1,0
828,0322b,1405b,0,0,0,0,3,1,0,-1,0,1
829,0372a,0357b,0,-1,0,1,3,2,-1,-2,-2,-1
830,1319a,1319b,1,0,-4,-1,-3,0,0,1,3,0
831,0379c,0507c,0,-1,-3,0,1,0,1,0,2,0
832,0373a,0373b,1,1,-1,0,-1,-2,1,0,2,1
833,0422a,0381c,0,0,-3,0,-3,0,-2,0,-2,0
834,0600a,0600b,1,2,0,0,-3,0,-1,0,2,0
835,0327c,0327a,1,-2,0,0,0,0,1,1,-2,-1
836,0473a,0387a,0,1,1,1,-2,0,1,-1,-1,0
837,1221a,1221c,1,1,3,0,0,0,2,2,-2,0
838,0301a,1240b,0,0,-1,0,-1,2,1,1,1,0
839,1465a,1465c,1,2,2,1,-2,0,0,3,0,0
840,1236a,1236c,1,2,-1,0,2,0,-1,0,2,0
841,1448a,0521b,0,1,0,0,0,1,0,0,0,-1
842,1176b,1471b,0,0,4,0,1,0,0,0,-2,0
843,1534c,0587a,0,2,0,0,-2,0,-1,-2,3,0
844,0537b,0537c,1,0,-1,-1,0,-2,0,-1,4,1
845,0301a,1197c,0,0,-2,0,0,2,0,1,0,0
846,1181a,1181c,1,-1,-2,0,0,2,-2,0,-2,0
847,1180b,1431a,0,-2,0,0,-3,0,1,-2,1,-1
848,0538a,0538b,1,1,0,-1,0,0,1,-1,3,0
849,0472a,1477c,0,0,0,0,1,0,1,-1,0,1
850,1300a,1300c,1,-2,0,0,1,0,0,-1,0,0
851,1426b,1413c,0,1,-3,0,-3,0,-1,-1,2,0
852,0458a,0458c,1,-1,1,0,0,0,0,1,-3,0
853,1245c,1197a,0,0,-4,0,0,2,0,0,4,0
854,1323b,1323c,1,0,1,-1,1,0,-1,-2,3,1
855,0488b,0302b,0,0,-2,-2,-4,-1,-2,-3,-4,0
856,0456c,0456a,1,0,1,1,-2,0,1,0,0,0
857,0323c,0323a,1,-2,-4,-1,-3,-2,-1,-3,-2,-1
858,0569c,0569a,1,0,0,1,-2,0,-1,3,0,0
859,0365b,0365c,1,2,-3,1,0,0,1,-1,0,0
860,1441a,1441b,1,-1,1,0,1,2,0,2,-1,0
861,1124c,1308c,0,3,0,-1,-4,0,-2,1,-1,0
862,1382a,0969c,0,-1,-4,0,-3,0,0,-1,0,0
863,1485c,0348b,0,2,3,0,2,2,2,1,1,1
864,1219a,1513a,0,1,1,0,-2,0,-2,0,-3,0
865,0594b,1165c,0,-3,0,-2,-1,2,-2,-3,1,0
866,1409b,1409c,1,1,-1,0,3,2,1,2,-1,1
867,0319a,1124c,0,-1,3,0,0,0,3,0,0,0
868,1463a,1463b,1,-1,0,0,-3,0,1,1,0,-1
869,1483a,1483b,1,-1,-3,0,3,0,1,0,2,0
870,0510c,0510b,1,3,0,0,-2,2,-2,-2,-3,1
871,1373a,1477b,0,2,3,0,2,2,0,2,0,1
872,1208b,1208c,1,1,-1,0,0,0,0,-3,-1,-1
873,1286a,1286b,1,-2,-2,0,3,0,-2,1,-1,0
874,0411c,1421b,0,-1,0,0,0,0,-1,-2,2,1
875,0473a,0473c,1,0,1,0,-3,-2,-1,-1,-3,1
876,1257b,1257a,1,1,3,0,-2,0,1,0,0,0
877,1248a,1248c,1,1,0,0,2,0,0,0,2,0
878,1497b,1497c,1,0,1,0,-3,-2,0,-2,-2,-1
879,1447a,1391a,0,-1,-3,0,0,0,-2,1,-3,0
880,1197c,1197b,1,1,2,0,-4,-2,-1,0,0,0
881,0313b,1480c,0,2,1,-1,1,0,0,-1,-2,0
882,1220b,0569a,0,-1,0,1,-1,0,0,1,-1,-1
883,1352c,1352a,1,0,0,0,-1,0,0,0,-2,0
884,1485a,0551a,0,1,3,0,-1,0,2,1,-1,0
885,1543b,1330c,0,1,0,0,0,0,0,0,-3,0
886,0515a,1533c,0,0,-1,0,0,0,1,2,1,0
887,1323a,1323c,1,1,0,0,0,0,1,-1,3,1
888,1411a,1411c,1,2,-1,0,-2,0,-1,1,-1,0
889,1149a,1149c,1,0,0,0,-3,0,2,-2,-2,0
890,1393b,1393c,1,1,-3,0,3,-2,0,-1,1,0
891,1294a,1294c,1,-2,0,0,-3,0,-2,-1,0,-1
892,0307a,0307c,1,1,-1,0,2,0,0,-2,1,0
893,0491b,0335b,0,-1,-3,0,0,0,-1,0,-1,0
894,1567c,0353c,0,1,2,0,3,0,-1,0,1,0
895,0336a,1544a,0,-2,-2,0,3,0,0,-2,-1,0
896,1328a,0315b,0,1,0,1,0,0,2,-1,-3,0
897,0927b,0927c,1,-1,3,1,-1,0,2,1,0,0
898,1513a,0927c,0,0,-1,1,1,0,2,0,2,0
899,1446a,1446b,1,0,0,0,2,0,0,1,0,0
900,1409c,0413b,0,-1,1,0,-3,0,1,-1,0,0
901,1320a,1131b,0,-1,1,0,2,0,-1,0,0,0
902,0577a,0577c,1,1,0,0,-1,0,-1,0,1,0
903,0483a,1551b,0,1,1,0,3,0,1,-1,0,0
904,1495a,0923c,0,1,0,-1,1,0,-2,0,-1,0
905,1545a,1545c,1,-2,0,0,-3,0,-1,1,1,0
906,0333c,0333a,1,1,1,0,-2,0,0,-1,1,1
907,0537a,0537c,1,1,-1,0,0,0,0,0,1,1
908,0491c,0340b,0,1,-2,0,-1,0,1,0,1,0
909,0927a,0927b,1,0,-4,0,-1,-2,-1,-1,1,-1
910,0587b,0463b,0,0,1,1,-3,0,-2,1,-3,-1
911,0301a,0301c,1,-2,-1,0,-4,2,0,1,3,0
912,1149c,1480c,0,1,1,0,2,0,-1,2,1,0
913,1458b,1458c,1,0,-3,0,-3,0,0,1,2,-1
914,0451a,0451c,1,1,1,0,-1,0,-1,0,-2,1
915,1446a,1528c,0,1,0,0,0,0,0,1,2,0
916,0561a,0474c,0,-1,-3,0,3,0,-1,-3,0,0
917,1486a,0301b,0,0,-1,0,-2,0,-1,0,1,0
918,1305a,1305b,1,-1,0,0,0,0,0,-1,-2,0
919,1481a,1481b,1,1,0,0,0,0,0,-1,3,0
920,1219a,1547b,0,1,1,0,0,0,0,0,-2,0
921,1508b,0587b,0,1,0,0,0,0,0,0,0,0
922,1475a,0491a,0,-1,0,-1,-1,0,1,1,0,1
923,1363b,1363a,1,0,1,0,0,-2,-1,-2,-1,-1
924,1495a,1495c,1,1,0,-1,3,2,-1,-1,1,1
925,1488a,1488c,1,-2,1,0,0,0,1,0,-1,0
926,0319a,0440a,0,0,4,1,-2,0,1,1,-2,0
927,1497c,1475c,0,-1,-1,0,0,2,1,0,0,0
928,1309a,1309b,1,-2,-1,0,-3,0,0,0,2,0
929,1165b,1165c,1,-3,1,-1,-2,2,0,-2,0,0
930,0350b,0350a,1,-1,-1,0,3,1,-1,0,1,0
931,0514c,0540a,0,0,-2,-1,1,0,-1,0,-2,0
932,1257b,1257c,1,3,3,0,-3,0,0,0,-1,0
933,1567b,1508c,0,2,-3,-1,1,2,0,0,0,0
934,1386a,1386c,1,-2,0,0,-3,0,0,0,1,0
935,1181a,1181b,1,-1,-1,1,-2,0,0,-1,2,0
936,0544b,0544c,1,1,-3,0,0,0,1,-2,0,1
937,1471c,1521b,0,-2,0,0,-3,0,-1,-2,-2,0
938,0319a,0319b,1,1,3,0,-1,0,0,1,0,1
939,1240a,1286a,0,0,-2,0,0,0,1,2,-2,0
940,1178a,1178c,1,1,0,0,0,0,0,-1,3,0
941,1534c,1441b,0,1,1,0,0,2,-1,0,1,0
942,0319b,0551a,0,-1,0,0,0,0,3,-1,-1,-1
943,1121a,1121b,1,0,0,0,3,0,0,0,-2,0
944,1363c,1271a,0,-1,0,-1,-1,0,1,-1,-3,0
945,0311a,0311c,1,1,2,0,1,2,-1,1,2,1
946,0359a,1129a,0,-1,0,0,0,0,0,-3,1,0
947,1197c,0564a,0,-1,1,0,0,-2,-1,-3,2,1
948,1360a,1360c,1,3,0,-1,0,1,0,-1,1,1
949,0496f,0496e,1,0,3,1,-1,0,-1,1,0,0
950,1255a,1254a,0,0,0,0,-1,0,1,-2,-3,-1
951,1547a,1547b,1,0,4,0,0,0,0,0,0,0
952,0458a,0458b,1,-1,-1,0,-3,0,0,0,-3,0
953,0577b,0334c,0,1,-3,-1,0,2,0,1,2,0
954,1488a,1499c,0,-1,1,0,-3,2,1,-1,-3,0
955,0414b,0414c,1,1,0,0,0,0,-1,0,-2,0
956,0375a,0375c,1,1,-4,0,-1,0,0,-2,3,1
957,1445a,1445c,1,-2,0,0,3,0,-1,0,3,0
958,1491b,1491c,1,1,0,0,-1,0,0,-1,1,-1
959,0351c,0485b,0,-1,-1,0,0,1,1,1,0,0
960,1513a,1513c,1,1,-1,0,3,1,1,-1,2,0
961,0536a,0536b,1,1,1,0,-2,0,1,0,1,0
962,1212a,1212c,1,0,1,0,0,0,0,0,0,0
963,1227a,1227b,1,-2,0,0,0,0,0,0,-3,0
964,1284a,1144b,0,1,-1,0,0,0,0,0,2,0
965,0411b,0569a,0,0,1,1,-1,0,-1,0,-2,0
966,1362a,1268a,0,1,0,0,3,2,0,0,-4,0
967,0532b,1374b,0,1,0,0,3,-2,0,-2,-1,0
968,0432a,0432c,1,0,-1,0,3,0,0,-1,2,0
969,0445c,1392a,0,0,0,0,2,0,0,-3,2,1
970,1547b,1547c,1,0,0,0,-2,0,-2,0,2,0
971,0555c,0555a,1,2,-4,1,-1,2,0,-3,0,1
972,1453b,1453c,1,1,0,0,3,0,0,1,0,1
973,0503a,0896c,0,1,0,0,0,0,0,-1,-2,0
974,1521a,1521c,1,2,1,0,-2,0,0,0,1,0
975,0429a,1307b,0,-1,-4,0,3,0,0,-1,3,0
976,0518a,0518c,1,-1,-3,0,-1,-2,-1,2,-3,-1
977,1567b,1429a,0,2,-1,-1,0,0,0,-1,0,1
978,0515a,0469b,0,-2,-1,0,1,2,0,1,1,0
979,1140c,1140a,1,-1,0,1,0,0,0,-1,-2,0
980,0546c,0546b,1,-1,-1,0,0,1,-2,3,0,0
981,0459b,1178a,0,-1,-4,0,-3,2,1,1,0,0
982,1442a,1442b,1,1,0,0,-3,0,0,-1,-3,0
983,1517c,1547a,0,1,-4,0,-1,0,1,1,2,0
984,1229b,1375b,0,0,-3,0,0,0,0,0,-1,0
985,1508a,1508c,1,1,0,0,-1,2,0,3,4,0
986,1097a,1405b,0,2,1,0,0,2,0,-1,3,1
987,0885c,1557a,0,0,0,-1,-3,-2,1,0,-1,0
988,0373c,1533a,0,0,-3,1,0,0,1,1,1,0
989,1367a,1367b,1,1,-1,1,0,0,1,3,-1,0
990,0429b,1273c,0,0,0,0,0,1,2,-2,3,0
991,0367a,1494a,0,1,1,0,-1,0,0,0,3,0
992,1303c,1303a,1,0,0,0,0,2,0,0,0,0
993,1137a,0451c,0,0,1,0,-1,0,-1,0,-1,1
994,1565a,1329c,0,2,3,0,3,0,0,-3,1,0
995,0472b,0472a,1,-1,0,0,-3,0,-2,1,2,0
996,1495a,0496a,0,-1,-3,-1,3,0,-2,-1,1,0
997,1518a,1547c,0,0,2,0,0,0,-1,0,1,0
998,1501c,1501a,1,-1,-2,0,0,-2,-1,0,-1,-1
999,1551a,1551b,1,-1,0,0,0,0,1,2,2,1
1000,0969a,1140b,0,2,2,0,-2,2,1,0,0,0
1001,1120a,1120c,1,0,0,0,3,0,0,0,2,0
1002,1352b,1352a,1,0,-1,0,2,0,0,1,-3,0
1003,0322b,0304a,0,-1,0,0,2,-1,2,-1,-1,0
1004,1520a,1520c,1,1,1,0,0,1,0,0,1,0
1005,1510b,1510a,1,0,0,0,0,0,1,1,-3,0
1006,1426c,1426a,1,-1,0,0,-1,0,1,0,0,1
1007,1320a,0538b,0,0,0,0,0,0,0,-2,2,0
1008,0445a,0445b,1,1,1,0,-3,-2,1,-1,2,1
1009,0593a,0593b,1,0,-3,0,0,0,0,0,-3,0
1010,0334c,0563a,0,0,3,0,2,0,0,0,-2,1
1011,1510b,1361b,0,0,1,0,-3,0,0,1,-4,0
1012,0483a,0483b,1,1,1,0,3,2,-1,-1,-1,0
1013,1476c,0390a,0,1,2,0,3,-1,0,0,-1,-1
1014,1171b,1171a,1,1,2,0,0,0,-2,1,3,0
1015,1416a,1448a,0,-1,0,0,3,0,0,0,4,1
1016,0445a,0445c,1,0,-2,0,-3,0,0,0,-1,0
1017,1261b,1314a,0,2,3,0,-1,0,1,0,-2,0
1018,0471a,1219c,0,-1,0,1,0,0,0,0,0,0
1019,1181a,0352c,0,-2,-4,0,-1,0,-2,-1,-1,0
1020,1368b,1368c,1,1,0,0,-2,2,1,1,4,1
1021,1234a,1282c,0,2,3,-1,0,0,0,-1,1,0
1022,1413a,1413c,1,1,-3,0,-2,0,1,-1,-1,0
1023,0556b,0556c,1,0,1,0,0,0,-1,0,1,0
1024,1386b,1386c,1,0,0,0,-3,0,0,0,-1,0
1025,1508b,0510b,0,1,0,0,-3,2,-2,-2,-3,0
1026,0535b,0535c,1,-1,-2,0,-1,0,1,-2,1,0
1027,1468a,1468c,1,0,-1,0,-1,0,0,0,-4,0
1028,1153b,1449c,0,-1,3,0,3,2,-1,-1,0,1
1029,1227a,0596a,0,-1,1,0,0,0,-1,-1,-2,0
1030,0411c,0402b,0,-1,-3,0,0,0,-1,-1,2,0
1031,1433b,1433c,1,2,-3,0,3,-2,0,-1,1,0
1032,1284a,1284c,1,-1,0,0,0,0,1,0,2,0
1033,1487a,1262a,0,0,-3,0,0,0,0,0,-2,0
1034,1134b,1129b,0,0,3,0,1,0,0,-1,-2,1
1035,1255a,1255b,1,0,0,0,-1,0,0,0,-4,-1
1036,1391b,1391a,1,0,0,0,-3,0,-1,1,1,0
1037,0348a,0585b,0,0,-1,-1,-3,0,-2,-1,0,0
1038,0557c,0483a,0,-1,-1,0,-3,0,-1,0,1,0
1039,1222a,1083a,0,2,-3,-2,-2,0,-2,-1,2,1
1040,0557c,0440c,0,-2,-3,0,0,0,0,0,-2,-1
1041,0381b,0381c,1,2,-3,0,-3,0,0,0,2,0
1042,1513b,1513a,1,0,0,0,0,0,0,0,-1,0
1043,0567b,1409c,0,1,0,0,0,2,0,0,0,0
1044,0457c,0457b,1,-1,-2,1,-1,0,0,0,2,1
1045,1362a,1362b,1,1,0,0,0,0,0,0,-4,0
1046,1504c,1504a,1,-1,1,0,-1,0,0,-3,2,-1
1047,0354c,0302b,0,-1,-2,-2,-3,-3,-2,0,-2,0
1048,1394a,0596a,0,0,1,0,0,0,0,0,-2,-1
1049,0349b,1210a,0,0,0,0,3,2,0,1,-1,1
1050,1208b,0927c,0,-1,-1,1,-2,0,0,0,0,-1
1051,1257c,1257a,1,-2,0,0,1,0,1,0,1,0
1052,0434b,0434c,1,1,3,1,-2,0,-1,0,-3,0
1053,1259a,1259c,1,1,3,-1,0,2,1,-1,2,1
1054,1164b,1350c,0,1,-3,0,-1,1,1,-1,0,1
1055,0471b,0471c,1,0,0,0,-3,-1,1,-1,0,1
1056,1325b,1325c,1,-1,-3,0,-2,0,-1,0,0,-1
1057,0331a,1155c,0,2,1,-1,0,0,2,3,-1,0
1058,1153a,1153c,1,-2,0,0,1,1,0,0,-1,0
1059,0421b,0421a,1,-1,-2,0,-2,-2,-1,-3,-3,0
1060,0324b,0324a,1,0,-1,0,3,-1,0,0,-2,-1
1061,1411b,1411c,1,3,0,0,0,0,0,1,-1,0
1062,1512b,1512c,1,0,-1,0,-1,0,0,-1,-3,0
1063,0396b,1164a,0,0,0,0,-1,0,1,0,2,0
1064,1408c,1408b,1,-1,0,1,-1,0,-1,0,0,0
1065,1234a,1234b,1,0,4,0,2,0,-1,0,-1,0
1066,1554a,1554b,1,0,0,0,1,0,-1,-1,0,1
1067,1406a,1406c,1,0,2,1,0,2,0,-3,0,0
1068,1360a,1361a,0,2,-3,-1,2,2,0,-3,-1,0
1069,1262a,1312a,0,1,2,1,1,2,1,-1,2,1
1070,1531b,1531a,1,0,1,0,3,0,-2,1,0,0
1071,1430a,1152c,0,2,1,0,-1,0,2,2,2,1
1072,1164c,1164b,1,1,0,0,1,1,1,-1,1,0
1073,0353a,0353c,1,1,-1,0,2,-1,-1,0,1,0
1074,1543a,1543c,1,2,0,0,-1,0,0,0,2,1
1075,0354a,0354c,1,1,1,1,3,2,0,-3,2,0
1076,1517a,1365a,0,-1,-3,0,-2,0,1,0,-1,0
1077,1460a,1363b,0,2,0,0,0,0,0,0,-2,1
1078,1335a,1335b,1,0,-1,0,0,0,1,-3,-1,0
1079,1135b,1430a,0,1,0,0,0,0,0,-2,-2,0
1080,1267c,1267a,1,-1,-1,0,0,0,0,-2,-1,0
1081,0561a,0561b,1,-1,0,0,0,0,-1,0,-3,0
1082,1496c,0401b,0,0,1,-1,-2,-2,-1,-1,0,-1
1083,1127a,1127c,1,-1,-3,0,3,0,0,1,1,0
1084,1137b,1144c,0,2,0,0,1,0,0,0,0,0
1085,0363c,0363a,1,1,1,0,-1,0,0,2,-1,0
1086,0560a,0464a,0,1,4,0,-3,-2,-1,-1,3,0
1087,1554a,1554c,1,-1,1,0,-1,0,-1,-1,0,0
1088,1284b,1477c,0,-2,0,0,1,-2,0,-1,1,1
1089,1393a,1393c,1,1,0,0,0,0,0,-1,2,0
1090,1305b,1305c,1,1,0,0,-3,0,0,1,1,0
1091,1365c,1365b,1,2,-2,0,-2,0,0,0,2,0
1092,0587b,1198b,0,-1,1,0,-3,0,1,-1,-2,0
1093,1237a,0560b,0,2,0,-1,1,0,0,-1,1,1
1094,0338b,0338c,1,2,0,0,0,0,-1,-1,1,1
1095,1194a,1194c,1,1,0,-1,0,0,-1,1,-1,-1
1096,0456a,1178c,0,0,-3,-1,-1,2,0,-1,3,0
1097,1140c,1140b,1,2,4,0,-1,2,0,-1,-1,1
1098,1552a,1552c,1,0,-1,0,0,0,1,0,-2,0
1099,1289b,1289c,1,0,3,0,0,0,0,-1,-2,0
1100,0348b,0348c,1,-2,0,1,-1,-2,-1,-3,-1,-1
1101,1120b,1120c,1,-1,0,0,0,0,0,0,2,0
1102,0927a,0927c,1,-1,-1,1,-2,-2,1,0,1,-1
1103,1531b,1465b,0,2,0,0,2,0,0,0,1,0
1104,1248a,1378b,0,-1,0,0,0,0,0,0,1,0
1105,1147c,0311a,0,-1,2,0,0,0,1,-3,1,0
1106,0301a,1504b,0,-2,-1,0,-3,1,0,1,0,0
1107,0363b,0363a,1,1,1,0,0,0,-1,-1,0,-1
1108,0355b,1501a,0,0,1,0,0,-2,-1,0,-2,-1
1109,1364b,1364a,1,1,0,0,1,2,0,1,-2,0
1110,1482a,1174b,0,0,4,0,0,-1,0,2,-3,0
1111,0593b,0593c,1,2,3,0,-1,0,-1,3,3,1
1112,1508c,1394b,0,-2,3,1,0,-2,1,-1,-3,0
1113,1178a,1178b,1,0,4,0,0,-2,0,-3,2,0
1114,1543a,1543b,1,1,0,0,-2,0,0,-1,4,0
1115,0492a,0492c,1,1,4,0,0,0,1,0,3,0
1116,1208a,1208b,1,-1,4,0,0,-2,1,0,1,1
1117,1305a,1305c,1,0,0,0,-3,0,0,0,-1,0
1118,1254c,1254a,1,0,0,0,-1,0,1,-2,-2,0
1119,1240a,1240c,1,-1,-1,1,3,0,-1,2,0,0
1120,1123c,0359b,0,0,2,0,3,0,0,-2,4,0
1121,1221c,0351a,0,1,-1,1,0,0,-2,0,0,0
1122,1209c,1198a,0,-1,1,-1,-1,0,1,3,0,0
1123,0496d,0496e,1,0,0,1,0,0,-1,0,-1,-1
1124,0432a,0537b,0,1,-1,1,0,2,0,0,-2,0
1125,0564a,0564b,1,0,-1,0,-2,2,1,2,1,0
1126,0321c,0321b,1,-1,-1,0,-1,0,0,-1,-2,0
1127,1135b,1517c,0,0,1,0,0,0,1,0,-3,0
1128,0333b,1197a,0,1,-3,0,-3,2,1,0,1,0
1129,1362b,1362c,1,-1,1,0,3,0,0,0,2,0
1130,0334b,0334c,1,1,-4,0,-3,2,0,3,1,0
1131,1534c,0492b,0,1,1,0,0,0,0,-1,0,0
1132,1259b,1259c,1,1,-1,0,3,2,-1,0,1,0
1133,0327c,0327b,1,1,0,0,0,1,-1,1,-1,-1
1134,1517a,1517b,1,1,0,0,-2,0,0,0,-1,0
1135,0354b,1262a,0,1,-3,0,-3,0,0,1,0,0
1136,0866c,0455c,0,0,-1,0,-3,-3,1,-1,1,-1
1137,1489c,1224c,0,1,4,0,-1,0,1,0,-1,0
1138,0544b,1499c,0,0,1,0,0,2,1,-1,-3,0
1139,0354b,0354a,1,1,0,0,-4,0,2,1,0,0
1140,0307c,0451c,0,0,1,0,0,0,0,2,1,1
1141,0313b,1406a,0,1,-1,-2,-2,0,0,0,-2,0
1142,1430c,1204b,0,-2,-1,0,0,1,0,0,-1,0
1143,1365c,1531a,0,0,2,0,1,0,-1,1,-1,0
1144,1463a,1463c,1,1,-1,0,0,0,0,1,0,-1
1145,1153a,0461a,0,-3,0,0,-2,2,0,0,0,0
1146,1255a,1255c,1,-1,0,0,0,1,0,1,-2,-1
1147,1508b,1508c,1,0,-3,0,-1,2,-1,1,0,-1
1148,1090c,1429b,0,-2,-1,0,3,2,0,0,0,1
1149,1099c,1057b,0,1,4,0,0,2,0,-1,3,1
1150,0550a,0550c,1,1,4,0,2,0,0,0,-4,0
1151,1508c,1191c,0,-2,0,0,-2,-2,-1,-3,-4,0
1152,0317a,0549b,0,1,0,0,0,-2,-2,-2,-2,-1
1153,1442a,1442c,1,2,1,0,0,2,0,0,-1,1
1154,1330a,1330b,1,1,0,0,0,0,0,0,-4,0
1155,0367b,0367c,1,-2,0,0,-3,0,0,1,1,0
1156,1286a,1286c,1,-1,1,0,2,0,0,-2,0,0
1157,1382b,0451c,0,1,1,0,-1,-2,0,0,-2,1
1158,1119b,1119c,1,-1,0,0,0,0,1,-1,-1,1
1159,1122a,1108b,0,0,-1,1,1,-2,0,0,2,-1
1160,0373a,1108b,0,1,-2,1,-2,-2,1,0,2,0
1161,1282b,1282c,1,1,1,-1,0,0,0,-1,0,0
1162,1201a,1201b,1,-2,1,0,0,0,-1,2,-1,0
1163,1267c,0357b,0,-1,-1,1,0,2,0,-2,-2,-1
1164,1140c,0564a,0,0,3,0,2,0,-2,-3,-1,1
1165,0496d,0496a,1,-1,-3,0,1,0,-1,-1,-1,-1
1166,1328a,1328c,1,2,0,0,-1,0,1,-2,-1,1
1167,1521a,1508b,0,1,1,0,0,0,1,0,1,1
1168,1429c,1429a,1,-1,-2,0,1,0,0,-1,0,1
1169,1531c,1196c,0,2,0,0,-1,0,0,-2,-1,0
1170,0348a,0594c,0,3,-4,-1,-4,0,-1,0,1,0
1171,1303a,1303b,1,0,3,1,-2,-2,0,0,1,0
1172,1358b,1358c,1,0,0,-1,0,0,-1,-1,0,0
1173,1381a,0387b,0,-1,2,0,0,2,1,0,-1,1
1174,1254a,1254b,1,-1,0,1,-1,0,-1,2,0,0
1175,1488a,1488b,1,-1,-1,0,0,2,1,-1,-1,1
1176,1378b,1378a,1,0,-3,0,0,0,-1,1,3,0
1177,0328b,0401c,0,-1,-1,0,-2,2,0,0,-1,0
1178,1520c,1367b,0,1,0,1,2,-1,1,0,-2,0
1179,1273a,1273c,1,0,1,0,-3,-1,1,-2,-1,0
1180,1432a,1343b,0,0,3,0,0,0,-2,-1,-3,0
1181,0471a,0471b,1,1,4,0,1,1,1,0,-1,0
1182,0539a,1476a,0,1,3,0,3,0,1,1,1,1
1183,1424a,1424c,1,2,3,0,-3,0,0,0,1,1
1184,1254b,1488b,0,0,-1,-1,2,2,0,0,2,1
1185,1549c,1408b,0,-1,1,1,2,2,-1,1,2,1
1186,0489c,1499b,0,-1,0,0,-1,0,0,-2,-2,-1
1187,1508c,1402b,0,0,2,0,-2,0,0,-1,-3,0
1188,0521a,0521c,1,-1,0,-1,0,2,-1,2,-3,0
1189,1508b,1086c,0,-1,0,0,-1,2,0,0,-2,0
1190,1394b,0455c,0,0,0,-1,-2,-1,0,-2,2,0
1191,0318b,0525a,0,0,0,0,-3,-2,1,-1,-1,1
1192,1237a,1237b,1,-1,1,-1,0,0,0,0,1,0
1193,0301c,1414c,0,2,1,0,3,-3,1,-1,-1,1
1194,1533b,1533c,1,0,-2,0,-3,0,2,0,3,1
1195,1201b,0546c,0,0,0,0,-3,0,2,-3,3,0
1196,0405a,0405b,1,2,0,0,-4,2,1,1,1,-1
1197,1204b,0583c,0,-1,0,1,1,-1,1,-2,1,0
1198,0338b,0313b,0,0,0,1,1,0,-1,0,3,0
1199,1391a,0517a,0,0,4,0,3,0,3,-1,2,0
1200,1489a,1545c,0,-1,0,0,0,0,-1,0,-1,0
1201,1451a,1451b,1,-2,3,0,0,0,-1,-3,1,0
1202,0363c,1341b,0,-1,-3,0,0,0,-1,3,-2,0
1203,0463a,0401b,0,-1,1,-1,-3,-2,0,0,2,0
1204,1248a,1248b,1,-1,0,0,2,0,0,1,4,0
1205,1375b,1375c,1,-2,0,0,3,0,0,0,3,0
1206,0492a,1323a,0,1,4,0,0,0,-1,-2,1,0
1207,0434c,1374a,0,-3,-1,0,0,0,0,0,-1,0
1208,0496a,0328b,0,3,2,0,-1,0,0,1,-1,0
1209,1477a,1477c,1,0,-1,0,1,0,-1,0,0,1
1210,1253a,1253c,1,1,0,1,-2,0,0,3,2,0
1211,1300b,1300c,1,-1,0,0,0,0,-1,-1,1,0
1212,1393a,1393b,1,0,3,0,-3,2,0,0,1,0
1213,1409a,1409c,1,3,2,0,3,0,0,-1,2,1
1214,0571b,0571c,1,-1,1,0,-1,2,1,0,-1,1
1215,0593a,0593c,1,2,0,0,-1,0,-1,3,0,1
1216,1551a,1194b,0,-2,-3,1,-1,0,0,3,2,0
1217,1402a,1375a,0,1,1,0,0,0,-1,0,0,0
1218,0432a,1307b,0,0,-4,0,3,0,-1,0,1,0
1219,1363a,1363c,1,0,-1,1,0,2,1,2,2,1
1220,0314b,0314a,1,-1,-1,0,0,0,1,-2,1,1
1221,0584b,0584c,1,2,0,0,1,0,0,1,1,0
1222,0307c,0517b,0,-2,1,0,-2,2,1,2,0,0
1223,0354b,1259c,0,3,0,0,0,2,1,-1,3,1
1224,0475a,0440a,0,-2,1,1,0,0,0,1,0,0
1225,1517b,1517c,1,-2,1,0,3,0,0,-1,-1,0
1226,1350a,1350c,1,2,-3,0,-3,2,2,-1,1,0
1227,0334a,0334b,1,0,0,0,0,0,1,-3,-1,0
1228,0531a,1431c,0,-1,1,0,-2,0,-1,-1,-1,0
1229,1248b,1248c,1,2,0,0,0,0,0,-1,-2,0
1230,1446a,1237a,0,-1,0,1,2,0,0,1,1,0
1231,1171b,1086c,0,0,3,0,2,2,0,0,1,1
1232,1382a,0923c,0,1,-1,0,-2,0,-1,1,-1,0
1233,0348a,0348c,1,0,-1,1,-2,0,-1,-3,1,0
1234,1253b,0351b,0,-1,0,0,0,-1,-1,0,-2,-1
1235,0317b,0317c,1,0,4,0,-2,-2,-1,1,0,0
1236,0517c,0466c,0,-2,0,0,1,-2,1,1,2,0
1237,1194b,1194c,1,0,3,-2,0,0,0,0,-2,0
1238,0321a,0321b,1,-1,-1,0,0,0,-1,0,-2,-1
1239,0306a,0306b,1,1,0,1,0,0,0,0,-1,0
1240,1237c,0314a,0,1,0,-1,2,0,1,-2,0,1
1241,0313c,0313b,1,-2,0,1,1,0,0,1,1,-1
1242,0301b,0301c,1,-2,0,0,-2,2,1,0,-1,0
1243,1284a,1284b,1,1,0,0,-3,2,0,1,3,0
1244,0403c,0525a,0,0,-2,-1,-3,0,1,-1,2,1
1245,0338c,0324c,0,-1,0,1,-1,0,0,1,-1,-1
1246,0411c,0411b,1,1,-1,0,2,0,-1,0,3,0
1247,0432a,0483b,0,2,-1,0,3,2,-1,0,0,1
1248,1222c,0386a,0,-1,-1,0,0,2,0,-2,2,-1
1249,0374b,0374a,1,-1,2,1,3,0,1,-3,-2,0
1250,1286b,1286c,1,1,3,0,-1,0,2,-3,1,0
1251,0411b,1174a,0,0,1,0,0,0,-1,0,-3,0
1252,1204a,1204b,1,-2,-1,0,-3,1,-1,1,-4,0
1253,1364c,1294b,0,1,1,0,0,0,2,1,0,0
1254,1406b,1406c,1,0,0,-1,-3,0,0,-1,0,0
1255,1201a,1220b,0,0,0,0,-1,0,-1,1,1,1
1256,1406a,1406b,1,0,2,2,3,2,0,-2,0,0
1257,0301b,0328b,0,1,-1,0,1,0,0,0,-3,0
1258,1252a,1252b,1,1,-1,0,0,0,1,-1,2,0
1259,0376c,1098a,0,2,0,0,-1,3,1,1,2,1
1260,1382c,1382b,1,0,1,0,0,2,0,0,1,0
1261,0507a,0521a,0,-1,0,0,2,-2,1,-2,2,-1
1262,1454c,1454a,1,-1,-3,0,-3,0,0,-1,3,0
1263,1129c,1129a,1,-2,1,0,3,0,0,-3,1,0
1264,1502b,0537c,0,1,2,0,0,0,0,-2,4,1
1265,0328b,0328a,1,-3,1,1,-1,0,0,0,1,0
1266,0374b,0474c,0,-2,0,0,3,0,0,-3,0,0
1267,0461a,0461b,1,1,0,0,3,-2,0,-2,0,1
1268,0473b,0473c,1,0,3,0,-2,-2,0,-2,-1,1
1269,0335a,0335b,1,-2,-3,0,2,0,0,0,-1,0
1270,0507a,0507b,1,1,0,0,0,-2,1,0,-2,-1
1271,0549b,0549c,1,-3,0,-1,-1,-1,0,0,0,0
1272,1531b,1531c,1,-1,0,0,3,0,-2,0,1,0
1273,1127b,1127c,1,1,-3,0,0,0,0,1,-2,0
1274,1319b,1319c,1,1,4,1,3,0,2,1,-3,0
1275,1129c,1129b,1,-2,1,0,3,0,0,-1,-2,1
1276,0372a,0535b,0,1,1,0,1,0,-1,-1,-3,-1
1277,1475a,1475b,1,-2,0,0,-3,0,0,1,-1,0
1278,1441a,1496c,0,-1,0,0,0,2,0,0,-1,1
1279,1334a,1334c,1,0,-3,0,-3,0,0,-1,0,0
1280,0335a,1153b,0,1,-3,0,-1,0,0,0,-2,0
1281,1302a,1302b,1,-1,0,0,3,0,0,0,-2,0
1282,0517b,0556b,0,3,-2,1,2,0,-1,-1,2,1
1283,1123c,1123a,1,1,3,-1,2,2,1,0,2,1
1284,1123c,1123b,1,3,2,0,3,0,0,0,3,0
1285,1367b,0405a,0,-2,1,-1,1,0,-2,-1,1,1
1286,1259a,1259b,1,0,4,-1,-3,0,2,-1,1,1
1287,0353c,1496c,0,-1,1,0,0,2,1,-2,-1,1
1288,1334a,1330c,0,2,0,0,-2,0,1,-1,-1,0
1289,0570c,1196a,0,3,3,0,-2,0,0,-2,0,1
1290,0440b,0440a,1,0,1,1,0,-2,0,1,-4,-1
1291,1475b,1475c,1,0,0,-1,0,2,1,-3,-1,0
1292,1340c,1176a,0,-1,0,-2,-4,0,-1,0,-1,0
1293,0340a,0340c,1,2,0,0,-1,0,2,1,-1,0
1294,0414a,0414c,1,3,1,0,0,0,0,-1,-1,0
1295,1341a,1341b,1,-2,-2,0,0,0,-1,0,0,0
1296,0514c,1086b,0,3,0,-1,1,0,0,-1,1,1
1297,1511b,1511c,1,-1,0,0,1,2,-1,-1,2,1
1298,1533b,1533a,1,-2,-3,1,-3,0,1,0,1,0
1299,1393a,1497b,0,0,3,0,0,2,0,-1,2,1
1300,1146a,1146b,1,-2,4,0,-3,0,1,0,-1,0
1301,1547a,0466c,0,-1,3,0,-1,0,0,-2,2,1
1302,0521b,0521c,1,-2,0,-1,-1,1,-1,-1,-3,0
1303,1319a,1443b,0,0,-1,0,-2,2,0,1,4,1
1304,0337a,0337c,1,-1,-3,0,2,0,1,2,-1,-1
1305,1444a,0461b,0,-2,0,0,0,0,1,-2,3,1
1306,1197c,1234c,0,-1,1,1,-2,-2,-1,0,2,0
1307,1271a,1271c,1,1,0,-1,-2,-2,-1,-1,2,-1
1308,1253a,1253b,1,3,-1,0,-1,0,1,2,1,1
1309,0579a,0579c,1,-1,-1,0,3,0,0,-1,1,1
1310,1220b,0368c,0,-3,0,1,-1,0,0,-1,0,-1
1311,0525b,0525c,1,1,2,-1,-2,0,1,-2,2,1
1312,0363a,0556b,0,0,-2,1,0,2,0,0,0,1
1313,1036b,1036c,1,1,-2,-1,2,2,0,-2,0,0
1314,1554a,1450a,0,-1,0,0,-1,0,-1,-2,0,1
1315,1414b,1414c,1,-1,4,-1,-1,-3,0,0,-1,0
1316,1394c,1394b,1,0,1,1,-1,0,1,2,-1,-1
1317,1197a,1197c,1,0,2,0,3,0,0,1,-4,0
1318,1432a,1365b,0,2,0,0,-3,0,-1,-1,1,0
1319,1489c,0576b,0,1,3,0,-3,2,0,-2,1,0
1320,1441a,1441c,1,0,0,0,0,0,0,1,0,1
1321,0357b,0357c,1,2,-1,-1,-1,0,0,2,2,1
1322,1394a,1394c,1,-1,-1,0,3,0,0,-2,-1,0
1323,1131a,1513b,0,-1,1,0,-2,0,-2,0,-2,0
1324,1554b,1554c,1,-1,1,0,-2,0,0,0,0,-1
1325,0859a,0358b,0,2,-2,0,3,1,-2,-1,1,0
1326,1447b,1447c,1,0,3,1,-1,0,0,0,-1,-1
1327,1468b,1468c,1,2,-1,0,-1,0,0,1,-1,0
1328,0577b,0593c,0,1,0,-1,2,0,-1,1,2,1
1329,1149a,1149b,1,-1,-3,0,-3,0,1,0,1,0
1330,1447a,1447b,1,1,-3,0,3,0,-1,-1,-1,1
1331,0525c,0376c,0,-1,0,1,2,-1,-1,0,-2,-1
1332,1153a,0515a,0,-1,0,0,-2,0,0,-2,-2,1
1333,0464a,0892c,0,-2,-2,1,1,0,1,0,0,0
1334,1547a,1039a,0,-1,3,1,1,2,-2,-1,2,0
1335,0460c,0941c,0,1,4,2,-3,0,-1,1,-2,0
1336,1391c,1391b,1,-1,-3,0,0,0,0,0,-3,0
1337,1495a,0448b,0,0,-1,-1,3,2,-1,-3,1,1
1338,0321c,0321a,1,0,0,0,-1,0,1,-1,0,1
1339,1123c,1222a,0,1,3,1,1,0,1,1,1,0
1340,0587a,0587b,1,1,0,0,2,0,1,1,0,1
1341,0537a,0537b,1,1,0,1,0,2,0,1,-3,0
1342,1454b,1454c,1,1,0,0,3,0,0,1,-4,0
1343,1411a,1411b,1,-1,-1,0,-2,0,-1,0,0,0
1344,0459b,0343c,0,1,0,1,-2,0,0,0,0,0
1345,1508b,1508a,1,-1,-3,0,0,0,-1,-2,-4,-1
1346,1367a,1367c,1,1,-1,0,-2,0,2,3,-1,0
1347,1198a,1198b,1,2,0,1,1,0,2,-2,2,1
1348,1475b,1440c,0,1,-3,-1,2,0,-1,0,1,0
1349,1248a,0381b,0,-1,0,0,3,0,-1,1,0,0
1350,1394a,1394b,1,-1,0,1,2,0,1,0,-2,-1
1351,0431b,0431a,1,0,-2,1,-2,1,1,-3,0,0
1352,1531c,0373b,0,1,0,0,-1,0,2,1,2,1
1353,1392a,0556b,0,2,2,1,0,0,0,2,1,0
1354,0464a,0344c,0,0,-1,1,1,0,1,0,0,0
1355,1471b,1411b,0,-2,-1,0,-3,0,-1,-1,3,0
1356,1531c,0335b,0,0,-3,0,0,0,1,0,1,0
1357,1547a,1547c,1,0,4,0,-2,0,-2,0,2,0
1358,1164c,1164a,1,1,0,1,1,0,2,-1,1,0
1359,1180c,0473a,0,1,2,0,0,2,1,-1,2,0
1360,0318b,0351a,0,0,0,1,0,-2,0,0,-3,0
1361,1450b,1485c,0,-1,-2,0,0,0,0,-1,0,0
1362,1465a,0340a,0,0,4,0,0,0,-1,2,0,0
1363,0577a,0577b,1,0,0,1,-3,0,0,-1,-1,0
1364,1430a,1430b,1,1,0,0,-1,1,1,3,0,0
1365,1286a,1196c,0,0,1,0,2,0,-2,-2,0,0
1366,1451a,1325c,0,0,0,0,0,0,-1,-1,2,0
1367,0340a,0340b,1,2,-4,0,-1,0,2,1,-1,0
1368,0319a,0456a,0,0,3,1,-2,0,1,1,-1,0
1369,0525a,0525c,1,0,1,0,1,0,0,-1,0,0
1370,1468b,0359b,0,0,-1,0,2,0,0,-2,3,0
1371,1219b,0318b,0,1,-2,0,0,2,-1,0,3,0
1372,0345a,1499b,0,-2,0,0,-2,-2,0,-3,-2,0
1373,0540a,0540c,1,1,2,1,-3,2,1,0,0,0
1374,0560a,0560b,1,2,3,0,0,-2,0,-1,3,1
1375,1240b,0594c,0,1,-3,-1,-3,-2,-1,0,0,0
1376,0489c,0489b,1,0,1,0,1,0,-1,-2,-2,-1
1377,1320a,1563a,0,1,0,0,0,0,-2,0,3,0
1378,0306b,1155b,0,1,0,-1,-1,2,1,-1,0,1
1379,1366a,1197c,0,2,-1,0,0,2,-1,1,-3,0
1380,1417a,1259c,0,1,0,-1,0,2,1,-1,2,1
1381,1494b,1494c,1,-1,-3,0,-3,0,-2,-2,1,0
1382,0337a,1155b,0,1,0,0,0,2,1,2,0,0
1383,1533c,1198b,0,0,2,0,0,0,1,-2,-1,0
1384,1335a,1207c,0,-1,0,0,-1,0,1,-1,-1,1
1385,0950a,0950b,1,1,1,0,0,0,1,2,-1,-1
1386,1335b,0363b,0,1,1,0,-1,0,1,3,1,1
1387,0472a,1181a,0,2,1,0,3,0,2,0,-2,0
1388,1134b,1563a,0,3,3,0,-2,0,-1,0,2,0
1389,1534b,1534c,1,-2,0,0,3,0,1,1,-2,0
1390,1294a,1350c,0,0,-4,0,-3,2,0,-2,-1,0
1391,1426c,0941c,0,0,0,1,-4,0,0,0,-1,0
1392,0350c,0350a,1,-1,-2,0,0,0,-1,-1,-1,0
1393,1475b,0381c,0,2,-3,-1,0,0,-1,0,1,0
1394,1174a,1443c,0,1,0,0,0,0,2,-1,2,1
1395,0366a,1433b,0,-1,3,0,0,2,0,0,2,0
1396,0550b,0550c,1,1,0,0,-1,0,0,0,0,0
1397,0538b,0538c,1,-1,-1,0,3,0,-1,0,0,0
1398,0331b,0544b,0,1,0,0,-3,0,-1,0,0,0
1399,0385c,1271b,0,-1,-2,-1,-2,1,0,1,-2,0
1400,1370a,1086b,0,2,0,0,2,-2,0,-1,1,1
1401,1378c,1378a,1,-2,-3,0,0,0,-2,0,2,0
1402,1137b,1451b,0,0,0,0,0,0,-2,-3,-3,0
1403,0422a,0422c,1,-1,1,0,0,0,-1,0,-3,0
1404,0355b,1191b,0,-2,0,1,-1,-2,1,1,-2,-1
1405,1341a,1086b,0,0,1,0,-1,0,0,-1,2,1
1406,0525a,0525b,1,-1,-1,1,3,0,-1,1,-2,-1
1407,0544c,0911c,0,-1,0,-1,0,0,-1,-1,-2,-1
1408,0331b,0331a,1,0,0,1,0,0,0,-3,-2,0
1409,1475a,1475c,1,-2,0,-1,-3,2,1,-2,-2,0
1410,1497a,1497b,1,-2,3,0,0,2,0,0,1,1
1411,1370a,1417c,0,1,0,0,0,-2,0,-1,-1,1
1412,0565a,0565c,1,0,0,0,2,0,0,1,0,0
1413,0927a,1414c,0,0,0,0,-1,-3,1,-1,0,0
1414,1086b,0324b,0,0,0,0,-2,2,0,0,-1,0
1415,0873a,0873b,1,-1,2,-2,-1,2,0,3,-3,0
1416,0491a,1363b,0,2,0,0,0,2,-1,0,0,0
1417,0314c,0314a,1,0,0,0,3,0,-1,-2,-1,1
1418,1120a,1120b,1,1,0,0,3,0,0,0,0,0
1419,1402a,0349a,0,-1,0,0,0,0,0,0,2,0
1420,1475b,1360a,0,0,0,0,1,0,0,0,1,0
1421,0575c,1219b,0,0,1,0,1,0,2,0,-3,0
1422,1303c,1303b,1,0,3,1,-2,0,0,0,1,0
1423,1458a,1458b,1,-1,0,0,3,0,0,0,-1,1
1424,0307c,0898b,0,-1,1,0,1,2,-1,2,1,0
1425,0355c,0355a,1,-2,-1,0,-2,0,-2,0,-2,0
1426,1255b,1255c,1,-1,0,0,1,1,0,1,2,0
1427,1236c,0457c,0,1,-1,0,1,2,1,0,-2,0
1428,1417c,1417a,1,0,0,1,3,0,-1,0,-1,-1
1429,1119a,0307b,0,-2,1,0,0,-2,0,-1,-1,0
1430,0337b,0873b,0,0,4,-1,0,2,0,3,1,0
1431,1453a,1453b,1,-2,0,0,0,0,0,-1,2,0
1432,1476a,1335b,0,-1,-1,0,0,0,-1,-3,-1,-1
1433,1237a,1237c,1,0,0,0,-1,0,0,0,0,0
1434,0421c,0421a,1,-2,-2,0,-2,0,-1,-2,-2,-1
1435,1364c,1364a,1,0,1,0,-2,2,0,1,0,0
1436,1153b,1153c,1,-2,3,0,3,1,0,1,1,0
1437,1502b,1267b,0,1,2,0,1,0,0,0,3,0
1438,0373b,0373c,1,-1,1,0,-2,0,-2,-1,-4,-1
1439,0539a,1538a,0,1,3,0,0,0,-1,0,0,1
1440,0307a,0307b,1,-1,0,0,3,0,0,-1,2,0
1441,0374c,1468b,0,-1,0,0,1,0,0,2,-3,0
1442,0451b,0451c,1,1,1,0,2,-2,0,1,0,0
1443,1328b,1328c,1,0,1,0,-3,0,0,1,1,1
1444,1230a,0338a,0,-2,-3,0,0,0,-1,0,2,0
1445,0458c,0458b,1,0,-2,0,-3,0,0,-1,0,0
1446,0584a,0584b,1,-1,0,0,0,0,0,-1,-2,0
1447,1565a,1565c,1,0,3,0,3,0,0,-2,-1,0
1448,1499b,1499c,1,0,1,0,-1,2,0,2,1,0
1449,0576b,1210a,0,1,0,0,3,0,0,1,-2,1
1450,1432c,1393a,0,0,-2,0,0,0,0,0,-2,0
1451,1365a,1365b,1,3,0,0,0,0,-1,-1,3,0
1452,0587a,1098a,0,1,0,1,1,2,1,1,-1,1
1453,0507a,0507c,1,-2,-3,0,2,-2,1,1,1,-1
1454,1180a,1231b,0,2,1,0,2,0,0,1,0,0
1455,0333c,0556c,0,3,1,1,0,2,-2,0,1,1
1456,0321b,0348a,0,0,2,0,3,0,1,1,0,0
1457,1494c,0401b,0,1,4,-1,0,0,0,0,1,0
1458,1534a,0532c,0,0,-1,0,-2,0,0,1,1,0
1459,1461b,1461a,1,1,2,0,-1,0,1,0,-1,0
1460,1451c,1155c,0,-1,0,0,0,0,2,0,-3,0
1461,0569a,0569b,1,1,1,-1,0,0,2,-1,2,0
1462,1107c,1240c,0,-2,1,1,3,0,-1,0,-1,0
1463,0431c,0431b,1,-1,0,-1,-1,0,-1,2,1,0
1464,1155b,1155c,1,0,1,0,3,-2,1,1,-1,-1
1465,1430b,1430c,1,1,1,0,-2,-1,-1,0,0,0
1466,0403c,1254b,0,-1,-1,0,-2,0,0,-1,0,0
1467,0375c,0375b,1,1,1,1,3,2,0,2,-1,0
1468,0538a,0538c,1,0,-1,-1,3,0,0,-1,3,0
1469,1255a,0335c,0,-2,0,0,0,0,1,0,-3,-1
1470,0496f,1471b,0,1,4,0,0,0,0,1,-2,0
1471,1364b,1364c,1,1,-1,0,3,0,0,0,-2,0
1472,1255a,1441c,0,0,0,0,-1,0,0,0,-1,0
1473,1443c,1443b,1,-2,0,0,-1,2,-1,-1,2,0
1474,1124c,1224b,0,1,-3,-1,-4,-1,-3,-2,-2,0
1475,1164c,1237a,0,1,0,1,2,0,1,0,1,0
1476,1164c,1425c,0,2,-3,0,2,0,2,0,1,0
1477,0552a,0552b,1,0,1,0,-3,0,0,1,2,-1
1478,1551a,1421b,0,-3,0,0,-3,0,0,1,1,1
1479,0547a,1414c,0,1,2,-1,0,-1,1,-1,-1,1
1480,1253a,0540c,0,1,-1,1,-4,2,0,3,-1,0
1481,0927a,0521c,0,-2,-1,-1,-1,0,0,-1,-1,-1
1482,1268b,1268c,1,-1,0,0,-3,0,-1,1,-1,-1
1483,1201a,0471c,0,0,1,0,-3,0,1,1,1,1
1484,1237c,1417b,0,-1,-3,-1,2,0,-1,0,-2,0
1485,0477a,0354b,0,-1,0,0,1,0,-2,-1,-4,0
1486,1329a,1329b,1,0,0,0,0,0,-1,-2,3,0
1487,1499c,0556a,0,0,-1,0,2,0,0,1,-1,1
1488,1538c,1538b,1,-2,0,0,-3,2,-1,1,-1,1
1489,1492a,0336a,0,0,-1,0,0,0,-1,-1,-3,0
1490,1442b,1146a,0,2,-2,0,3,0,0,0,4,0
1491,0374b,0374c,1,-1,3,0,0,0,0,-3,1,0
1492,1336a,1336c,1,0,0,0,2,0,-1,0,0,0
1493,0565b,0565c,1,0,0,0,-1,0,0,1,2,0
1494,1432c,1493b,0,0,-2,0,0,0,0,-3,-1,0
1495,0353c,0347a,0,-1,-2,0,-2,2,0,-1,-3,1
1496,0366a,1193a,0,1,0,0,0,0,-1,-1,2,0
1497,1300a,1137a,0,0,0,0,1,0,1,0,0,0
1498,1362a,1362c,1,0,1,0,3,0,0,0,-2,0
1499,1492a,1492c,1,0,0,0,0,0,-2,0,-2,0
1500,1424a,1424b,1,0,3,0,0,2,0,1,2,0
1501,1481a,1481c,1,1,0,0,-2,0,1,0,3,0
1502,1240b,1240c,1,-1,0,1,1,-2,-2,-1,2,0
1503,0496a,0594b,0,3,4,1,-3,0,3,1,-1,0
1504,1463a,1531a,0,0,1,0,0,0,-1,1,-2,-1
1505,0396b,0537c,0,0,-1,-1,-2,0,0,-1,3,1
1506,1461b,1461c,1,0,-2,0,-3,0,0,0,-3,0
1507,1165b,0327a,0,-3,0,0,1,0,2,1,-2,0
1508,1451c,1451b,1,-3,-1,0,-3,0,-1,-3,-3,0
1509,1330a,1330c,1,2,1,0,1,0,0,-1,-3,0
1510,1121a,1268b,0,1,0,0,3,0,0,-1,-2,1
1511,1210a,0324a,0,0,-1,0,0,-1,0,1,-1,-1
1512,0507a,0421a,0,-2,-1,0,0,-2,-1,-2,-1,-1
1513,0950a,0380b,0,1,-2,-1,0,-3,0,2,0,-1
1514,1261b,1178b,0,0,4,0,-3,0,0,-3,1,0
1515,1492a,1492b,1,-1,-1,0,3,0,-1,0,0,0
1516,0367a,0367b,1,1,0,0,0,0,0,-1,2,0
1517,1489a,1489c,1,-1,-3,0,3,0,0,-1,-1,0
1518,0313c,1173c,0,-1,-1,0,0,2,0,1,-1,-1
1519,1344a,1344b,1,-2,-3,0,-3,0,1,0,1,0
1520,0307b,1134b,0,0,-4,0,-1,0,0,1,0,0
1521,1485a,0450b,0,2,2,1,-1,2,0,2,0,1
1522,1391c,1391a,1,-1,-3,0,-3,0,-1,1,-2,0
1523,0314b,0389c,0,-2,0,0,0,0,0,-3,0,0
1524,0348a,0348b,1,2,-1,0,-1,2,0,0,2,1
1525,1448a,1448b,1,1,-1,0,-3,0,-1,-1,-1,-1
1526,0306b,1350c,0,1,-3,-1,-1,2,1,-2,1,1
1527,1493a,0473b,0,1,-3,0,-1,1,-1,0,0,0
1528,0584a,1149b,0,-1,-3,0,-2,0,0,-1,0,0
1529,0429a,1533c,0,1,-2,0,0,0,2,0,3,1
1530,0335b,0335c,1,0,3,0,0,0,1,0,-2,0
1531,1253b,0924c,0,0,0,0,1,0,0,-1,0,0
1532,0592b,1517c,0,-2,2,0,1,0,0,-1,-2,0
1533,1307b,0302c,0,0,3,1,-2,0,0,1,-2,0
1534,0472a,0472c,1,1,0,0,2,0,1,-3,-2,0
1535,0496c,1497a,0,3,0,0,3,0,0,-1,-2,0
1536,1454b,1454a,1,0,-3,0,0,0,0,0,-1,0
1537,1370a,1370b,1,1,1,0,3,-2,0,0,-2,0
1538,1489a,1489b,1,-1,0,0,0,0,0,-1,-2,0
1539,0567b,0507b,0,1,1,0,-3,0,1,0,-2,-1
1540,1485a,1485b,1,3,3,0,-3,0,1,1,0,1
1541,1237a,1253c,0,0,1,0,-1,0,0,0,1,0
1542,1455a,1455c,1,1,0,0,-3,0,0,0,-1,0
1543,1447a,1472c,0,0,1,0,0,0,-1,0,-1,0
1544,0353c,1323c,0,0,2,0,0,0,1,-3,1,1
1545,0472c,0307c,0,1,0,0,0,0,0,1,-1,0
1546,0556a,0556b,1,2,-1,1,0,0,0,-1,3,0
1547,0380a,0405c,0,0,4,0,2,0,0,2,-1,1
1548,1383b,1383c,1,2,1,0,2,0,0,-1,0,0
1549,0924a,0924c,1,2,1,0,3,-1,1,-1,1,1
1550,0492a,0492b,1,1,4,0,1,0,1,-1,1,0
1551,1516a,1208b,0,1,0,0,0,0,1,1,0,1
1552,1495a,1495b,1,1,0,-1,1,0,0,-1,3,0
1553,1289a,1289b,1,1,-3,0,-3,0,1,0,1,0
1554,1565b,1565c,1,0,0,0,3,-2,0,-2,0,0
1555,1468a,0576b,0,0,0,0,-1,2,0,-3,0,0
1556,0359a,0372a,0,1,0,0,-3,0,1,0,1,1
1557,0469a,0469b,1,-1,1,0,-1,2,0,2,3,1
1558,1219a,0474c,0,0,-3,0,1,0,-1,-3,-1,0
1559,0469a,0469c,1,0,3,0,0,2,0,0,4,1
1560,1252a,0313b,0,1,0,1,1,0,1,0,3,0
1561,0562a,0562c,1,-3,1,0,0,0,1,1,2,0
1562,1274a,0539a,0,-1,-3,0,-2,0,0,-1,1,0
1563,1451c,1504a,0,-1,0,0,-1,0,1,-3,0,0
1564,1152b,1152a,1,-1,-3,1,-1,0,2,0,1,0
1565,0503a,1378a,0,-1,-3,0,-3,0,0,0,2,0
1566,1546a,0434c,0,1,0,0,1,0,-2,1,-1,-1
1567,1386a,1386b,1,-2,0,0,0,0,0,0,2,0
1568,1176b,1176a,1,-1,4,-1,-3,0,0,-1,-1,0
1569,1534c,0532c,0,1,-1,0,-3,0,-2,0,1,0
1570,1174a,1174b,1,-1,1,0,-2,-1,1,-1,0,0
1571,1538a,1538b,1,-1,-1,0,0,2,1,1,1,0
1572,1335b,1335c,1,0,1,0,-3,0,0,1,1,1
1573,1180a,0316b,0,0,0,0,-1,0,0,-1,-3,0
1574,0338a,0571a,0,0,0,0,-3,0,0,0,0,0
1575,1502b,1484b,0,2,3,0,3,0,1,-1,2,1
1576,1416a,1416c,1,0,-3,0,0,0,-2,-1,0,0
1577,1496a,1496c,1,0,3,0,0,2,-1,-2,2,1
1578,0518a,0518b,1,1,0,0,0,0,1,1,-1,0
1579,1453a,1453c,1,-1,0,0,3,0,0,0,2,1
1580,1320a,1320c,1,-1,-1,0,3,0,-1,0,0,0
1581,1097a,0324c,0,2,1,1,-4,0,0,0,1,0
